dataset	contrast_id	biological_context	evidence_tier	group_a	group_b	n_group_a	n_group_b	feature_type	axis	feature_id	display_label	proposed_figure_family	mean_group_a	mean_group_b	mean_difference_a_minus_b	hedges_g	welch_p_value	permutation_p_value	permutation_method	n_permutations	auc_group_a_higher	direction	permutation_q_within_contrast	welch_q_within_contrast	permutation_fdr_0_05	permutation_fdr_0_10
GSE186800	GSE186800_GARDNERELLA1_VS_PBS1	first_exposure_bladder	independent_mouse_bulk	Gardnerella_1	PBS_1	5	5	submodule	steroid_cholesterol_endocrine	CHOLESTEROL_BIOSYNTHESIS	Cholesterol biosynthesis	Figure_7	-0.18950407861280064	-0.6097004487972606	0.42019637018446	1.0573118233027665	0.10708378660826923	0.1111111111111111	exact	252	0.8	higher_in_group_a	0.5424107142857143	0.5203902345130814	False	False
GSE186800	GSE186800_GARDNERELLA1_VS_PBS1	first_exposure_bladder	independent_mouse_bulk	Gardnerella_1	PBS_1	5	5	submodule	steroid_cholesterol_endocrine	CHOLESTEROL_UPTAKE_TRANSPORT_EXPORT	Cholesterol uptake, transport and export	Figure_7	0.11571637133665717	-0.15377953822506085	0.26949590956171804	0.5109387801565547	0.4041458546938748	0.4444444444444444	exact	252	0.6	higher_in_group_a	0.6923076923076923	0.6547162846040772	False	False
GSE186800	GSE186800_GARDNERELLA1_VS_PBS1	first_exposure_bladder	independent_mouse_bulk	Gardnerella_1	PBS_1	5	5	submodule	steroid_cholesterol_endocrine	STEROIDOGENESIS_CORE	Core steroidogenesis	Figure_7	0.11892775806770643	-0.18590672084503176	0.3048344789127382	0.924110326981544	0.1537280781069067	0.16666666666666666	exact	252	0.76	higher_in_group_a	0.5424107142857143	0.5203902345130814	False	False
GSE186800	GSE186800_GARDNERELLA1_VS_PBS1	first_exposure_bladder	independent_mouse_bulk	Gardnerella_1	PBS_1	5	5	submodule	steroid_cholesterol_endocrine	PROGESTERONE_BIOSYNTHESIS_RESPONSE	Progesterone biosynthesis and response	Figure_7	0.2850617231627027	-0.3046118512093744	0.5896735743720771	1.327345769340583	0.05990489607356774	0.05555555555555555	exact	252	0.88	higher_in_group_a	0.5357142857142857	0.5203902345130814	False	False
GSE186800	GSE186800_GARDNERELLA1_VS_PBS1	first_exposure_bladder	independent_mouse_bulk	Gardnerella_1	PBS_1	5	5	submodule	steroid_cholesterol_endocrine	ESTROGEN_BIOSYNTHESIS	Estrogen biosynthesis and interconversion	Figure_7	-0.20975376916632996	-0.4647887152266982	0.25503494606036825	0.9208680608556717	0.1655447261841757	0.20634920634920634	exact	252	0.68	higher_in_group_a	0.5424107142857143	0.5203902345130814	False	False
GSE186800	GSE186800_GARDNERELLA1_VS_PBS1	first_exposure_bladder	independent_mouse_bulk	Gardnerella_1	PBS_1	5	5	submodule	steroid_cholesterol_endocrine	ESTROGEN_RECEPTOR_RESPONSE	Estrogen receptor response	Figure_7	0.25961439143828047	-0.24456996210957316	0.5041843535478536	0.7841647459945283	0.22474229676476337	0.23809523809523808	exact	252	0.64	higher_in_group_a	0.5510204081632653	0.539631810525905	False	False
GSE186800	GSE186800_GARDNERELLA1_VS_PBS1	first_exposure_bladder	independent_mouse_bulk	Gardnerella_1	PBS_1	5	5	submodule	steroid_cholesterol_endocrine	ANDROGEN_TESTOSTERONE_BIOSYNTHESIS	Androgen and testosterone biosynthesis	Figure_7	0.2554207554845904	-0.3011147996964451	0.5565355551810356	1.3409642136800488	0.04925510145944528	0.05555555555555555	exact	252	0.88	higher_in_group_a	0.5357142857142857	0.5203902345130814	False	False
GSE186800	GSE186800_GARDNERELLA1_VS_PBS1	first_exposure_bladder	independent_mouse_bulk	Gardnerella_1	PBS_1	5	5	submodule	steroid_cholesterol_endocrine	TESTOSTERONE_CONVERSION_AROMATIZATION	Testosterone conversion and aromatization	Figure_7	-0.09999143931646008	-0.12111332647030656	0.021121887153846483	0.08432877875315174	0.8874302902485395	0.873015873015873	exact	252	0.52	higher_in_group_a	0.9514285714285715	0.9656409112045938	False	False
GSE186800	GSE186800_GARDNERELLA1_VS_PBS1	first_exposure_bladder	independent_mouse_bulk	Gardnerella_1	PBS_1	5	5	submodule	steroid_cholesterol_endocrine	ANDROGEN_RECEPTOR_SIGNALING	Androgen receptor signaling	Figure_7	0.32182075317135017	-0.22583386058076424	0.5476546137521144	0.7354037858015172	0.2514484870301185	0.20634920634920634	exact	252	0.8	higher_in_group_a	0.5424107142857143	0.5657590958177666	False	False
GSE186800	GSE186800_GARDNERELLA1_VS_PBS1	first_exposure_bladder	independent_mouse_bulk	Gardnerella_1	PBS_1	5	5	submodule	steroid_cholesterol_endocrine	GLUCOCORTICOID_RESPONSE	Glucocorticoid response	Figure_7	-0.16832103619144875	-0.3348308175396679	0.16650978134821917	0.33371500711932883	0.5759772177908965	0.5714285714285714	exact	252	0.6	higher_in_group_a	0.7714285714285715	0.7524863651784294	False	False
GSE186800	GSE186800_GARDNERELLA1_VS_PBS1	first_exposure_bladder	independent_mouse_bulk	Gardnerella_1	PBS_1	5	5	submodule	steroid_cholesterol_endocrine	MINERALOCORTICOID_RESPONSE	Mineralocorticoid response	Figure_7	0.1571252300650617	-0.24707830647381854	0.40420353653888025	0.6315031061498133	0.320999503529036	0.373015873015873	exact	252	0.52	higher_in_group_a	0.6428571428571429	0.6154732094301467	False	False
GSE186800	GSE186800_GARDNERELLA1_VS_PBS1	first_exposure_bladder	independent_mouse_bulk	Gardnerella_1	PBS_1	5	5	submodule	steroid_cholesterol_endocrine	STEROID_SULFATION_DESULFATION	Steroid sulfation and desulfation	Figure_7	0.09820988355040536	-0.32500794549362677	0.42321782904403216	1.0210291237261666	0.1409460419308133	0.15079365079365079	exact	252	0.72	higher_in_group_a	0.5424107142857143	0.5203902345130814	False	False
GSE186800	GSE186800_GARDNERELLA1_VS_PBS1	first_exposure_bladder	independent_mouse_bulk	Gardnerella_1	PBS_1	5	5	submodule	steroid_cholesterol_endocrine	PLACENTAL_STEROID_METABOLISM	Placental steroid metabolism	Figure_7	0.1553831243469312	-0.088980687554336	0.24436381190126719	0.7720509212080437	0.217593238203584	0.21428571428571427	exact	252	0.68	higher_in_group_a	0.5424107142857143	0.539631810525905	False	False
GSE186800	GSE186800_GARDNERELLA1_VS_PBS1	first_exposure_bladder	independent_mouse_bulk	Gardnerella_1	PBS_1	5	5	submodule	steroid_cholesterol_endocrine	LXR_FXR_STEROL_SIGNALING	LXR and FXR sterol signaling	Figure_7	0.26450377306796097	-0.09714514693209711	0.3616489200000581	0.6538606755229586	0.2884725836997673	0.2619047619047619	exact	252	0.72	higher_in_group_a	0.5733590733590734	0.5841569819920288	False	False
GSE186800	GSE186800_GARDNERELLA1_VS_PBS1	first_exposure_bladder	independent_mouse_bulk	Gardnerella_1	PBS_1	5	5	submodule	lipid_metabolism	FATTY_ACID_SYNTHESIS	Fatty-acid synthesis	Figure_7	0.40744935669691057	-0.36613001946218626	0.7735793761590968	0.9569508502768143	0.163565853070489	0.16666666666666666	exact	252	0.88	higher_in_group_a	0.5424107142857143	0.5203902345130814	False	False
GSE186800	GSE186800_GARDNERELLA1_VS_PBS1	first_exposure_bladder	independent_mouse_bulk	Gardnerella_1	PBS_1	5	5	submodule	lipid_metabolism	FATTY_ACID_BETA_OXIDATION	Fatty-acid beta-oxidation	Figure_7	0.27375053594653814	-0.20615717095385203	0.4799077069003902	0.9085123048821957	0.16659040123822635	0.1746031746031746	exact	252	0.8	higher_in_group_a	0.5424107142857143	0.5203902345130814	False	False
GSE186800	GSE186800_GARDNERELLA1_VS_PBS1	first_exposure_bladder	independent_mouse_bulk	Gardnerella_1	PBS_1	5	5	submodule	lipid_metabolism	PHOSPHOLIPID_METABOLISM	Phospholipid metabolism	Figure_7	0.40074628880839364	-0.2220234445064447	0.6227697333148383	1.0470073529912645	0.13749419239697164	0.07936507936507936	exact	252	0.8	higher_in_group_a	0.5357142857142857	0.5203902345130814	False	False
GSE186800	GSE186800_GARDNERELLA1_VS_PBS1	first_exposure_bladder	independent_mouse_bulk	Gardnerella_1	PBS_1	5	5	submodule	lipid_metabolism	SPHINGOLIPID_CERAMIDE_METABOLISM	Sphingolipid and ceramide metabolism	Figure_7	0.2716721135292116	-0.4618773304345756	0.7335494439637872	1.2190137752835222	0.09014949432787737	0.03968253968253968	exact	252	0.92	higher_in_group_a	0.5357142857142857	0.5203902345130814	False	False
GSE186800	GSE186800_GARDNERELLA1_VS_PBS1	first_exposure_bladder	independent_mouse_bulk	Gardnerella_1	PBS_1	5	5	submodule	lipid_metabolism	EICOSANOID_PROSTAGLANDIN_METABOLISM	Eicosanoid and prostaglandin metabolism	Figure_7	-0.1109018099983814	0.015006050820642014	-0.12590786081902341	-0.5508751122569003	0.3663058196623222	0.373015873015873	exact	252	0.36	higher_in_group_b	0.6428571428571429	0.6450167694053934	False	False
GSE186800	GSE186800_GARDNERELLA1_VS_PBS1	first_exposure_bladder	independent_mouse_bulk	Gardnerella_1	PBS_1	5	5	submodule	lipid_metabolism	LIPID_DROPLET_DYNAMICS	Lipid-droplet dynamics	Figure_7	0.01319085658684004	-0.15947642835060272	0.17266728493744277	0.30520106931032814	0.6114187149228962	0.6587301587301587	exact	252	0.52	higher_in_group_a	0.8208791208791208	0.7647637275902602	False	False
GSE186800	GSE186800_GARDNERELLA1_VS_PBS1	first_exposure_bladder	independent_mouse_bulk	Gardnerella_1	PBS_1	5	5	submodule	lipid_metabolism	PPAR_SREBP_LXR_REGULATION	PPAR, SREBP and LXR regulation	Figure_7	0.2969549227742916	-0.17834237477973933	0.47529729755403094	0.9771993292927202	0.14601304831402376	0.1349206349206349	exact	252	0.76	higher_in_group_a	0.5424107142857143	0.5203902345130814	False	False
GSE186800	GSE186800_GARDNERELLA1_VS_PBS1	first_exposure_bladder	independent_mouse_bulk	Gardnerella_1	PBS_1	5	5	submodule	lipid_metabolism	FERROPTOSIS_LIPID_PEROXIDATION	Ferroptosis-linked lipid peroxidation	Figure_7	0.18101264986387888	-0.35366203292693055	0.5346746827908094	1.5203581621239004	0.039634477987499694	0.023809523809523808	exact	252	0.92	higher_in_group_a	0.5357142857142857	0.5203902345130814	False	False
GSE186800	GSE186800_GARDNERELLA1_VS_PBS1	first_exposure_bladder	independent_mouse_bulk	Gardnerella_1	PBS_1	5	5	submodule	carbohydrate_inflammatory_carbon	GLYCOLYSIS	Glycolysis	Figure_8	-0.06591775633909183	-0.23666042433761877	0.17074266799852694	0.456099433264045	0.44893975530538066	0.4365079365079365	exact	252	0.64	higher_in_group_a	0.6923076923076923	0.6993100034564583	False	False
GSE186800	GSE186800_GARDNERELLA1_VS_PBS1	first_exposure_bladder	independent_mouse_bulk	Gardnerella_1	PBS_1	5	5	submodule	carbohydrate_inflammatory_carbon	GLUCONEOGENESIS	Gluconeogenesis	Figure_8	-0.0845775199321037	-0.09305315882150861	0.008475638889404905	0.023694004221771123	0.9679354663882964	0.9682539682539683	exact	252	0.48	higher_in_group_a	0.9682539682539683	0.9679354663882965	False	False
GSE186800	GSE186800_GARDNERELLA1_VS_PBS1	first_exposure_bladder	independent_mouse_bulk	Gardnerella_1	PBS_1	5	5	submodule	carbohydrate_inflammatory_carbon	GLYCOGEN_SYNTHESIS	Glycogen synthesis	Figure_8	0.3770903431783813	-0.3228366358083618	0.699926978986743	1.025282250895616	0.14231479741915842	0.12698412698412698	exact	252	0.76	higher_in_group_a	0.5424107142857143	0.5203902345130814	False	False
GSE186800	GSE186800_GARDNERELLA1_VS_PBS1	first_exposure_bladder	independent_mouse_bulk	Gardnerella_1	PBS_1	5	5	submodule	carbohydrate_inflammatory_carbon	GLYCOGENOLYSIS	Glycogenolysis	Figure_8	0.38881238942639607	-0.27638823867836665	0.6652006281047627	0.7983348481210313	0.2318883611417428	0.3253968253968254	exact	252	0.6	higher_in_group_a	0.6428571428571429	0.539631810525905	False	False
GSE186800	GSE186800_GARDNERELLA1_VS_PBS1	first_exposure_bladder	independent_mouse_bulk	Gardnerella_1	PBS_1	5	5	submodule	carbohydrate_inflammatory_carbon	PENTOSE_PHOSPHATE_PATHWAY	Pentose-phosphate pathway	Figure_8	-0.09359259389611566	0.03883804626504232	-0.13243064016115796	-0.35762126795053256	0.5570475618051309	0.5396825396825397	exact	252	0.4	higher_in_group_b	0.7536945812807881	0.7411876382461048	False	False
GSE186800	GSE186800_GARDNERELLA1_VS_PBS1	first_exposure_bladder	independent_mouse_bulk	Gardnerella_1	PBS_1	5	5	submodule	carbohydrate_inflammatory_carbon	TCA_OXPHOS	TCA cycle and oxidative phosphorylation	Figure_8	-0.126290803167768	-0.08231420930454697	-0.04397659386322103	-0.07210978958438626	0.9026688192809904	0.9206349206349206	exact	252	0.44	higher_in_group_b	0.9682539682539683	0.9656409112045938	False	False
GSE186800	GSE186800_GARDNERELLA1_VS_PBS1	first_exposure_bladder	independent_mouse_bulk	Gardnerella_1	PBS_1	5	5	submodule	carbohydrate_inflammatory_carbon	LACTATE_HIF1A_INFLAMMATORY_GLYCOLYSIS	Lactate and HIF1A inflammatory glycolysis	Figure_8	0.23472652013426692	-0.02544722799907928	0.2601737481333462	0.6279340982364726	0.30591049965253947	0.30158730158730157	exact	252	0.72	higher_in_group_a	0.6107142857142857	0.6043597676062366	False	False
GSE186800	GSE186800_GARDNERELLA1_VS_PBS1	first_exposure_bladder	independent_mouse_bulk	Gardnerella_1	PBS_1	5	5	submodule	carbohydrate_inflammatory_carbon	AMPK_SIGNALING	AMPK signaling	Figure_8	0.3662171626359577	-0.25956714105590745	0.6257843036918651	0.9760573704225216	0.15441321685155698	0.15873015873015872	exact	252	0.76	higher_in_group_a	0.5424107142857143	0.5203902345130814	False	False
GSE186800	GSE186800_GARDNERELLA1_VS_PBS1	first_exposure_bladder	independent_mouse_bulk	Gardnerella_1	PBS_1	5	5	submodule	carbohydrate_inflammatory_carbon	MTOR_SIGNALING	mTOR signaling	Figure_8	0.08383887660952946	-0.18597788858185196	0.2698167651913814	1.1446339005265753	0.10414469488353886	0.10317460317460317	exact	252	0.8	higher_in_group_a	0.5424107142857143	0.5203902345130814	False	False
GSE186800	GSE186800_GARDNERELLA1_VS_PBS1	first_exposure_bladder	independent_mouse_bulk	Gardnerella_1	PBS_1	5	5	submodule	carbohydrate_inflammatory_carbon	GLUCOSE_TRANSPORT	Glucose transport	Figure_8	0.1575890901201397	-0.28581934630040573	0.4434084364205454	0.6978491061852535	0.27372060469358195	0.2698412698412698	exact	252	0.72	higher_in_group_a	0.575187969924812	0.5820496263147593	False	False
GSE186800	GSE186800_GARDNERELLA1_VS_PBS1	first_exposure_bladder	independent_mouse_bulk	Gardnerella_1	PBS_1	5	5	submodule	carbohydrate_inflammatory_carbon	AGE_RAGE_SIGNALING	AGE-RAGE signaling	Figure_8	-0.02410526570142313	-0.07871831783474645	0.05461305213332332	0.16116006818884304	0.7856055112706934	0.7857142857142857	exact	252	0.56	higher_in_group_a	0.9017857142857143	0.9090578058989452	False	False
GSE186800	GSE186800_GARDNERELLA1_VS_PBS1	first_exposure_bladder	independent_mouse_bulk	Gardnerella_1	PBS_1	5	5	submodule	insulin_irs_signaling	INSULIN_RECEPTOR_IRS	Insulin receptor and IRS signaling	Figure_8	0.41337269490124395	-0.21052386422744815	0.6238965591286921	0.8934835370610044	0.18071392337390993	0.20634920634920634	exact	252	0.72	higher_in_group_a	0.5424107142857143	0.5203902345130814	False	False
GSE186800	GSE186800_GARDNERELLA1_VS_PBS1	first_exposure_bladder	independent_mouse_bulk	Gardnerella_1	PBS_1	5	5	submodule	insulin_irs_signaling	PI3K_AKT_SIGNALING	PI3K-AKT signaling	Figure_8	0.43497778649045704	-0.2566843828110615	0.6916621693015186	0.9101294660278204	0.17938376561192437	0.20634920634920634	exact	252	0.76	higher_in_group_a	0.5424107142857143	0.5203902345130814	False	False
GSE186800	GSE186800_GARDNERELLA1_VS_PBS1	first_exposure_bladder	independent_mouse_bulk	Gardnerella_1	PBS_1	5	5	submodule	insulin_irs_signaling	MTORC1_INSULIN_OUTPUT	mTORC1 insulin output	Figure_8	0.4036261810343508	-0.440937350275476	0.8445635313098268	1.2806856600346872	0.08037674724437081	0.03968253968253968	exact	252	0.88	higher_in_group_a	0.5357142857142857	0.5203902345130814	False	False
GSE186800	GSE186800_GARDNERELLA1_VS_PBS1	first_exposure_bladder	independent_mouse_bulk	Gardnerella_1	PBS_1	5	5	submodule	insulin_irs_signaling	AMPK_INSULIN_COUNTERREGULATION	AMPK counter-regulation of insulin signaling	Figure_8	0.5650188284278679	-0.36562711748965726	0.9306459459175251	1.1056078280731934	0.1133226158402135	0.09523809523809523	exact	252	0.8	higher_in_group_a	0.5424107142857143	0.5203902345130814	False	False
GSE186800	GSE186800_GARDNERELLA1_VS_PBS1	first_exposure_bladder	independent_mouse_bulk	Gardnerella_1	PBS_1	5	5	submodule	adipokine_signaling	LEPTIN_SIGNALING	Leptin signaling	Figure_8	0.3443945503460262	-0.43775441380038166	0.7821489641464079	1.127712130881332	0.10924630168880888	0.06349206349206349	exact	252	0.84	higher_in_group_a	0.5357142857142857	0.5203902345130814	False	False
GSE186800	GSE186800_GARDNERELLA1_VS_PBS1	first_exposure_bladder	independent_mouse_bulk	Gardnerella_1	PBS_1	5	5	submodule	adipokine_signaling	ADIPONECTIN_SIGNALING	Adiponectin signaling	Figure_8	0.3923654728666741	-0.14787731057406558	0.5402427834407397	0.8252654663432913	0.21074576660082842	0.2222222222222222	exact	252	0.72	higher_in_group_a	0.5454545454545454	0.539631810525905	False	False
GSE186800	GSE186800_GARDNERELLA1_VS_PBS1	first_exposure_bladder	independent_mouse_bulk	Gardnerella_1	PBS_1	5	5	submodule	adipokine_signaling	RESISTIN_INFLAMMATORY_SIGNALING	Resistin-associated inflammatory signaling	Figure_8	-0.010415262136776526	-0.1877274151966771	0.17731215305990058	0.3617594414811783	0.5457594269618402	0.5555555555555556	exact	252	0.56	higher_in_group_a	0.7627118644067796	0.7411876382461048	False	False
GSE186800	GSE186800_GARDNERELLA1_VS_PBS1	first_exposure_bladder	independent_mouse_bulk	Gardnerella_1	PBS_1	5	5	submodule	adipokine_signaling	ADIPOKINE_INFLAMMATORY_AXIS	Inflammatory adipokine axis	Figure_8	-0.15699571563965747	-0.13993841817457886	-0.017057297465078614	-0.03380712918309926	0.9543468845711471	0.9682539682539683	exact	252	0.48	higher_in_group_b	0.9682539682539683	0.9679354663882965	False	False
GSE186800	GSE186800_GARDNERELLA1_VS_PBS1	first_exposure_bladder	independent_mouse_bulk	Gardnerella_1	PBS_1	5	5	submodule	adipokine_signaling	PPARG_ADIPOMETABOLIC_REGULATION	PPARG adipometabolic regulation	Figure_8	0.019754208723968724	-0.2592438280169538	0.2789980367409225	0.5752726127953597	0.3440060702589476	0.35714285714285715	exact	252	0.64	higher_in_group_a	0.6428571428571429	0.6323797380714837	False	False
GSE186800	GSE186800_GARDNERELLA1_VS_PBS1	first_exposure_bladder	independent_mouse_bulk	Gardnerella_1	PBS_1	5	5	submodule	amino_acid_metabolism	TRYPTOPHAN_KYNURENINE	Tryptophan-kynurenine metabolism	Figure_9	-0.13939158787028552	0.1439402484964655	-0.283331836366751	-0.525936909243938	0.3843770466145662	0.373015873015873	exact	252	0.28	higher_in_group_b	0.6428571428571429	0.6464959147860427	False	False
GSE186800	GSE186800_GARDNERELLA1_VS_PBS1	first_exposure_bladder	independent_mouse_bulk	Gardnerella_1	PBS_1	5	5	submodule	amino_acid_metabolism	ARGININE_NO_UREA	Arginine, nitric oxide and urea coupling	Figure_9	-0.12694684102913814	-0.11563740171213635	-0.01130943931700179	-0.026862113922446647	0.9636651798210141	0.9523809523809523	exact	252	0.48	higher_in_group_b	0.9682539682539683	0.9679354663882965	False	False
GSE186800	GSE186800_GARDNERELLA1_VS_PBS1	first_exposure_bladder	independent_mouse_bulk	Gardnerella_1	PBS_1	5	5	submodule	amino_acid_metabolism	GLUTAMINE_GLUTAMATE	Glutamine and glutamate metabolism	Figure_9	0.1454098372630815	-0.2155803348098148	0.3609901720728963	0.685902161532994	0.27109452554685676	0.24603174603174602	exact	252	0.76	higher_in_group_a	0.5535714285714285	0.5820496263147593	False	False
GSE186800	GSE186800_GARDNERELLA1_VS_PBS1	first_exposure_bladder	independent_mouse_bulk	Gardnerella_1	PBS_1	5	5	submodule	amino_acid_metabolism	SERINE_GLYCINE_ONE_CARBON	Serine, glycine and one-carbon metabolism	Figure_9	-0.2700070392543421	-0.4090277931217517	0.13902075386740959	0.47513406668642166	0.44714098873057384	0.42063492063492064	exact	252	0.48	higher_in_group_a	0.6814285714285714	0.6993100034564583	False	False
GSE186800	GSE186800_GARDNERELLA1_VS_PBS1	first_exposure_bladder	independent_mouse_bulk	Gardnerella_1	PBS_1	5	5	submodule	amino_acid_metabolism	METHIONINE_SAM_METHYLATION	Methionine and SAM metabolism	Figure_9	0.1396915169751395	-0.17848218518957343	0.31817370216471297	0.842143981956058	0.18631255309727604	0.18253968253968253	exact	252	0.8	higher_in_group_a	0.5424107142857143	0.5203902345130814	False	False
GSE186800	GSE186800_GARDNERELLA1_VS_PBS1	first_exposure_bladder	independent_mouse_bulk	Gardnerella_1	PBS_1	5	5	submodule	amino_acid_metabolism	BRANCHED_CHAIN_AMINO_ACIDS	Branched-chain amino-acid metabolism	Figure_9	0.20441948865079157	0.01398311448992895	0.19043637416086262	0.27995927510646107	0.6425990566164397	0.6587301587301587	exact	252	0.6	higher_in_group_a	0.8208791208791208	0.7768734863571882	False	False
GSE186800	GSE186800_GARDNERELLA1_VS_PBS1	first_exposure_bladder	independent_mouse_bulk	Gardnerella_1	PBS_1	5	5	submodule	amino_acid_metabolism	AROMATIC_AMINO_ACID_METABOLISM	Aromatic amino-acid metabolism	Figure_9	-0.003003642174133803	-0.13031763655032347	0.12731399437618968	0.3789240645601216	0.526549565082677	0.48412698412698413	exact	252	0.64	higher_in_group_a	0.738095238095238	0.7411876382461048	False	False
GSE186800	GSE186800_GARDNERELLA1_VS_PBS1	first_exposure_bladder	independent_mouse_bulk	Gardnerella_1	PBS_1	5	5	submodule	amino_acid_metabolism	AMINO_ACID_TRANSPORT	Amino-acid transport	Figure_9	0.27780862999945244	-0.38165815039412865	0.6594667803935811	1.0336980267709788	0.12963840986516262	0.1349206349206349	exact	252	0.76	higher_in_group_a	0.5424107142857143	0.5203902345130814	False	False
GSE186800	GSE186800_GARDNERELLA1_VS_PBS1	first_exposure_bladder	independent_mouse_bulk	Gardnerella_1	PBS_1	5	5	submodule	catecholamine_stress_adjacent	CATECHOLAMINE_BIOSYNTHESIS_DEGRADATION	Catecholamine biosynthesis and degradation	Figure_9	0.21296881737410578	-0.006789775078954096	0.21975859245305987	0.7504258991682132	0.2264882864624715	0.21428571428571427	exact	252	0.72	higher_in_group_a	0.5424107142857143	0.539631810525905	False	False
GSE186800	GSE186800_GARDNERELLA1_VS_PBS1	first_exposure_bladder	independent_mouse_bulk	Gardnerella_1	PBS_1	5	5	submodule	catecholamine_stress_adjacent	ADRENERGIC_STRESS_SIGNALING	Adrenergic stress signaling	Figure_9	0.07807370168575117	-0.06151188399862584	0.139585585684377	0.29712469425574856	0.6231408150735454	0.7301587301587301	exact	252	0.52	higher_in_group_a	0.8571428571428571	0.7647637275902602	False	False
GSE186800	GSE186800_GARDNERELLA1_VS_PBS1	first_exposure_bladder	independent_mouse_bulk	Gardnerella_1	PBS_1	5	5	submodule	catecholamine_stress_adjacent	CATECHOLAMINE_IRON_REDOX_INTERFACE	Catecholamine, iron and redox interface	Figure_9	-0.078369826556752	-0.17614495033810806	0.09777512378135607	0.22571078315568202	0.703213722678865	0.7222222222222222	exact	252	0.56	higher_in_group_a	0.8571428571428571	0.825511761405624	False	False
GSE186800	GSE186800_GARDNERELLA1_VS_PBS1	first_exposure_bladder	independent_mouse_bulk	Gardnerella_1	PBS_1	5	5	submodule	nucleotide_nad_nitrogen	PURINE_DE_NOVO_SYNTHESIS	De novo purine synthesis	Figure_9	0.12855642204488402	-0.3811767269107938	0.5097331489556778	0.870264694900462	0.18366475873385654	0.19047619047619047	exact	252	0.76	higher_in_group_a	0.5424107142857143	0.5203902345130814	False	False
GSE186800	GSE186800_GARDNERELLA1_VS_PBS1	first_exposure_bladder	independent_mouse_bulk	Gardnerella_1	PBS_1	5	5	submodule	nucleotide_nad_nitrogen	PURINE_SALVAGE	Purine salvage	Figure_9	0.057054759943193256	-0.12356438563294496	0.18061914557613823	0.4040296847221074	0.5010738869743421	0.49206349206349204	exact	252	0.6	higher_in_group_a	0.738095238095238	0.7411876382461048	False	False
GSE186800	GSE186800_GARDNERELLA1_VS_PBS1	first_exposure_bladder	independent_mouse_bulk	Gardnerella_1	PBS_1	5	5	submodule	nucleotide_nad_nitrogen	PURINE_DEGRADATION_URATE	Purine degradation and urate	Figure_9	0.051465967171549	-0.16944364582388238	0.22090961299543138	0.36133560132985126	0.553295544117576	0.5158730158730159	exact	252	0.6	higher_in_group_a	0.7536945812807881	0.7411876382461048	False	False
GSE186800	GSE186800_GARDNERELLA1_VS_PBS1	first_exposure_bladder	independent_mouse_bulk	Gardnerella_1	PBS_1	5	5	submodule	nucleotide_nad_nitrogen	PYRIMIDINE_SYNTHESIS	Pyrimidine synthesis	Figure_9	-0.06270643940114701	-0.1741283714306586	0.11142193202951159	0.31246552332659067	0.6035807915266411	0.6349206349206349	exact	252	0.64	higher_in_group_a	0.8163265306122448	0.7647637275902602	False	False
GSE186800	GSE186800_GARDNERELLA1_VS_PBS1	first_exposure_bladder	independent_mouse_bulk	Gardnerella_1	PBS_1	5	5	submodule	nucleotide_nad_nitrogen	PYRIMIDINE_DEGRADATION	Pyrimidine degradation	Figure_9	-0.1597466935628738	-0.04279699577953032	-0.11694969778334348	-0.36398849144686424	0.5505387347511902	0.5873015873015873	exact	252	0.4	higher_in_group_b	0.7798594847775177	0.7411876382461048	False	False
GSE186800	GSE186800_GARDNERELLA1_VS_PBS1	first_exposure_bladder	independent_mouse_bulk	Gardnerella_1	PBS_1	5	5	submodule	nucleotide_nad_nitrogen	NAD_METABOLISM	NAD metabolism	Figure_9	0.1050016260557883	-0.03938424008401813	0.14438586613980642	0.29978631082909574	0.6140401020365693	0.6111111111111112	exact	252	0.6	higher_in_group_a	0.7983870967741936	0.7647637275902602	False	False
GSE186800	GSE186800_GARDNERELLA1_VS_PBS1	first_exposure_bladder	independent_mouse_bulk	Gardnerella_1	PBS_1	5	5	submodule	nucleotide_nad_nitrogen	UREA_CYCLE	Urea cycle	Figure_9	-0.09311025483638022	-0.019841869359683323	-0.0732683854766969	-0.2259602156778183	0.7027832626703274	0.7142857142857143	exact	252	0.44	higher_in_group_b	0.8571428571428571	0.825511761405624	False	False
GSE186800	GSE186800_GARDNERELLA1_VS_PBS1	first_exposure_bladder	independent_mouse_bulk	Gardnerella_1	PBS_1	5	5	submodule	nucleotide_nad_nitrogen	NITRIC_OXIDE_SYNTHESIS_REGULATION	Nitric-oxide synthesis and regulation	Figure_9	-0.1660761021549388	-0.01776601390026985	-0.14831008825466893	-0.3777478710303467	0.5295988544510682	0.5317460317460317	exact	252	0.36	higher_in_group_b	0.7536945812807881	0.7411876382461048	False	False
GSE186800	GSE186800_GARDNERELLA1_VS_PBS1	first_exposure_bladder	independent_mouse_bulk	Gardnerella_1	PBS_1	5	5	submodule	nucleotide_nad_nitrogen	XANTHINE_OXIDASE_OXIDATIVE_PURINE_CATABOLISM	Xanthine oxidase and oxidative purine catabolism	Figure_9	-0.14380738975590535	-0.09955366811188922	-0.04425372164401613	-0.13862670273022412	0.8147014804996422	0.7936507936507936	exact	252	0.44	higher_in_group_b	0.9017857142857143	0.9165391655620974	False	False
GSE186800	GSE186800_GARDNERELLA1_VS_PBS1	first_exposure_bladder	independent_mouse_bulk	Gardnerella_1	PBS_1	5	5	submodule	complement_architecture	COMPLEMENT_CLASSICAL	Classical complement pathway	Figure_10	-0.44089375106162726	0.2346195190561898	-0.675513270117817	-1.017195035259611	0.13183920717364161	0.12698412698412698	exact	252	0.24	higher_in_group_b	0.5424107142857143	0.5203902345130814	False	False
GSE186800	GSE186800_GARDNERELLA1_VS_PBS1	first_exposure_bladder	independent_mouse_bulk	Gardnerella_1	PBS_1	5	5	submodule	complement_architecture	COMPLEMENT_LECTIN	Lectin complement pathway	Figure_10	0.004775098921658338	-0.07083929996068766	0.075614398882346	0.15060052101072455	0.7998649038776813	0.8015873015873016	exact	252	0.6	higher_in_group_a	0.9017857142857143	0.9125219325928476	False	False
GSE186800	GSE186800_GARDNERELLA1_VS_PBS1	first_exposure_bladder	independent_mouse_bulk	Gardnerella_1	PBS_1	5	5	submodule	complement_architecture	COMPLEMENT_ALTERNATIVE	Alternative complement pathway	Figure_10	-0.09196310861742604	-0.031625718220825785	-0.06033739039660026	-0.08996886425888818	0.8793977393745944	0.8809523809523809	exact	252	0.52	higher_in_group_b	0.9514285714285715	0.9656409112045938	False	False
GSE186800	GSE186800_GARDNERELLA1_VS_PBS1	first_exposure_bladder	independent_mouse_bulk	Gardnerella_1	PBS_1	5	5	submodule	complement_architecture	COMPLEMENT_C3_CONVERTASE_AMPLIFICATION	C3 convertase and amplification	Figure_10	-0.25495981047532545	0.13996458114369234	-0.3949243916190178	-0.5325484628340936	0.38331244967663347	0.3968253968253968	exact	252	0.32	higher_in_group_b	0.6696428571428571	0.6464959147860427	False	False
GSE186800	GSE186800_GARDNERELLA1_VS_PBS1	first_exposure_bladder	independent_mouse_bulk	Gardnerella_1	PBS_1	5	5	submodule	complement_architecture	COMPLEMENT_TERMINAL_MAC	Terminal complement and membrane-attack complex	Figure_10	-0.056202785922027876	-0.029003401001042768	-0.027199384920985108	-0.050398442181988974	0.9321419100531432	0.9603174603174603	exact	252	0.52	higher_in_group_b	0.9682539682539683	0.9679354663882965	False	False
GSE186800	GSE186800_GARDNERELLA1_VS_PBS1	first_exposure_bladder	independent_mouse_bulk	Gardnerella_1	PBS_1	5	5	submodule	complement_architecture	COMPLEMENT_REGULATORS	Complement regulators	Figure_10	0.26493337843183784	-0.050103011419136326	0.31503638985097415	0.6626566705402314	0.280246116373773	0.2777777777777778	exact	252	0.72	higher_in_group_a	0.5769230769230769	0.5820496263147593	False	False
GSE186800	GSE186800_GARDNERELLA1_VS_PBS1	first_exposure_bladder	independent_mouse_bulk	Gardnerella_1	PBS_1	5	5	submodule	complement_architecture	COMPLEMENT_COAGULATION_CROSSTALK	Complement-coagulation crosstalk	Figure_10	0.06682861042073987	-0.18685061092664929	0.2536792213473892	0.5666910476970144	0.3513220767063798	0.35714285714285715	exact	252	0.6	higher_in_group_a	0.6428571428571429	0.6323797380714837	False	False
GSE186800	GSE186800_GARDNERELLA1_VS_PBS1	first_exposure_bladder	independent_mouse_bulk	Gardnerella_1	PBS_1	5	5	submodule	complement_architecture	COMPLEMENT_OPSONOPHAGOCYTOSIS	Complement-opsonophagocytosis	Figure_10	-0.5541002166956185	0.20416487118594134	-0.7582650878815598	-1.3165147283467598	0.059199909210178786	0.06349206349206349	exact	252	0.16	higher_in_group_b	0.5357142857142857	0.5203902345130814	False	False
GSE186800	GSE186800_GARDNERELLA1_VS_PBS1	first_exposure_bladder	independent_mouse_bulk	Gardnerella_1	PBS_1	5	5	submodule	complement_architecture	COMPLEMENT_C3A_C5A_SIGNALING	C3a and C5a inflammatory signaling	Figure_10	-0.25685403266913726	0.043759978643859276	-0.30061401131299653	-0.7384350414620942	0.2331742391161318	0.23015873015873015	exact	252	0.24	higher_in_group_b	0.5483193277310924	0.539631810525905	False	False
GSE186800	GSE186800_GARDNERELLA1_VS_PBS1	first_exposure_bladder	independent_mouse_bulk	Gardnerella_1	PBS_1	5	5	submodule	immune_context_anchors	TLR4_LPS_SIGNALING_ANCHOR	TLR4-LPS signaling anchor	Integrated_network	0.21003226353946447	-0.23903214742366993	0.44906441096313443	1.1638828620361317	0.083234704665976	0.07936507936507936	exact	252	0.84	higher_in_group_a	0.5357142857142857	0.5203902345130814	False	False
GSE186800	GSE186800_GARDNERELLA1_VS_PBS1	first_exposure_bladder	independent_mouse_bulk	Gardnerella_1	PBS_1	5	5	submodule	immune_context_anchors	NFKB_MAPK_INFLAMMATION_ANCHOR	NF-kB and MAPK inflammation anchor	Integrated_network	0.0820930544782629	-0.18145203068029922	0.2635450851585621	0.6050607220316966	0.32673269142588035	0.36507936507936506	exact	252	0.64	higher_in_group_a	0.6428571428571429	0.6154732094301467	False	False
GSE186800	GSE186800_GARDNERELLA1_VS_PBS1	first_exposure_bladder	independent_mouse_bulk	Gardnerella_1	PBS_1	5	5	submodule	immune_context_anchors	NEUTROPHIL_NETOSIS_ANCHOR	Neutrophil and NETosis anchor	Integrated_network	-0.3069470007172751	-0.04520312397749162	-0.2617438767397835	-0.5192442507086877	0.39109012129032217	0.42063492063492064	exact	252	0.32	higher_in_group_b	0.6814285714285714	0.6464959147860427	False	False
GSE186800	GSE186800_GARDNERELLA1_VS_PBS1	first_exposure_bladder	independent_mouse_bulk	Gardnerella_1	PBS_1	5	5	submodule	immune_context_anchors	OXIDATIVE_STRESS_NRF2_ANCHOR	Oxidative stress and NRF2 anchor	Integrated_network	0.03232438066692582	-0.3359856427092688	0.3683100233761946	1.1572377369288334	0.07815584162536784	0.07936507936507936	exact	252	0.8	higher_in_group_a	0.5357142857142857	0.5203902345130814	False	False
GSE186800	GSE186800_GARDNERELLA1_VS_PBS1	first_exposure_bladder	independent_mouse_bulk	Gardnerella_1	PBS_1	5	5	submodule	immune_context_anchors	UROTHELIAL_BARRIER_REPAIR_ANCHOR	Urothelial barrier and repair anchor	Integrated_network	-0.14769458502878294	-0.17772571848509824	0.030031133456315307	0.057851744647562015	0.9219089437985983	0.8968253968253969	exact	252	0.64	higher_in_group_a	0.9558270676691729	0.9679354663882965	False	False
GSE186800	GSE186800_GARDNERELLA1_VS_PBS1	first_exposure_bladder	independent_mouse_bulk	Gardnerella_1	PBS_1	5	5	submodule	immune_context_anchors	PREGNANCY_INFLAMMATION_ANCHOR	Pregnancy-associated inflammation anchor	Integrated_network	0.06835827472970474	-0.09453031881591217	0.1628885935456169	0.34907259028991494	0.5581783448520048	0.5396825396825397	exact	252	0.64	higher_in_group_a	0.7536945812807881	0.7411876382461048	False	False
GSE186800	GSE186800_GARDNERELLA1_VS_PBS1	first_exposure_bladder	independent_mouse_bulk	Gardnerella_1	PBS_1	5	5	composite_index	composite_index	STEROID_INFLAMMATORY_IMBALANCE_INDEX	Steroid Inflammatory Imbalance Index	Integrated_network	-0.12147871931481288	-0.01483153183818987	-0.10664718747662301	-0.4088565654160403	0.5066753928564303	0.6746031746031746	exact	252	0.44	higher_in_group_b	0.827922077922078	0.7411876382461048	False	False
GSE186800	GSE186800_GARDNERELLA1_VS_PBS1	first_exposure_bladder	independent_mouse_bulk	Gardnerella_1	PBS_1	5	5	composite_index	composite_index	INFLAMMATORY_CARBON_USE_INDEX	Inflammatory Carbon Use Index	Integrated_network	-0.004797829230562179	0.016640208820136972	-0.021438038050699153	-0.06962954130188932	0.9060334475499893	0.8809523809523809	exact	252	0.48	higher_in_group_b	0.9514285714285715	0.9656409112045938	False	False
GSE186800	GSE186800_GARDNERELLA1_VS_PBS1	first_exposure_bladder	independent_mouse_bulk	Gardnerella_1	PBS_1	5	5	composite_index	composite_index	COMPLEMENT_INFLAMMATORY_AMPLIFICATION_INDEX	Complement Inflammatory Amplification Index	Integrated_network	-0.35010972389599015	0.009235144578925426	-0.3593448684749156	-1.4049690902585728	0.0574818317215942	0.007936507936507936	exact	252	0.0	higher_in_group_b	0.5357142857142857	0.5203902345130814	False	False
GSE186800	GSE186800_GARDNERELLA1_VS_PBS1	first_exposure_bladder	independent_mouse_bulk	Gardnerella_1	PBS_1	5	5	composite_index	composite_index	PREGNANCY_RISK_ENDOCRINE_METABOLIC_INFLAMMATION_INDEX	Pregnancy Risk Endocrine Metabolic Inflammation Index	Integrated_network	-0.1250030953746537	0.17081170495368164	-0.29581480032833535	-1.0982309284007667	0.11562328602433998	0.06349206349206349	exact	252	0.16	higher_in_group_b	0.5357142857142857	0.5203902345130814	False	False
GSE186800	GSE186800_GARDNERELLA2_VS_PBS2	second_exposure_bladder	independent_mouse_bulk	Gardnerella_2	PBS_2	5	5	submodule	steroid_cholesterol_endocrine	CHOLESTEROL_BIOSYNTHESIS	Cholesterol biosynthesis	Figure_7	0.35768040769151366	0.4415241197185454	-0.08384371202703172	-0.12824477035071716	0.8314637724829448	0.8253968253968254	exact	252	0.44	higher_in_group_b	0.9507042253521126	0.9485713460720919	False	False
GSE186800	GSE186800_GARDNERELLA2_VS_PBS2	second_exposure_bladder	independent_mouse_bulk	Gardnerella_2	PBS_2	5	5	submodule	steroid_cholesterol_endocrine	CHOLESTEROL_UPTAKE_TRANSPORT_EXPORT	Cholesterol uptake, transport and export	Figure_7	0.2210003935070756	-0.18293722661867343	0.403937620125749	0.9720783342236391	0.15231506379753912	0.16666666666666666	exact	252	0.76	higher_in_group_a	0.675	0.6854177870889261	False	False
GSE186800	GSE186800_GARDNERELLA2_VS_PBS2	second_exposure_bladder	independent_mouse_bulk	Gardnerella_2	PBS_2	5	5	submodule	steroid_cholesterol_endocrine	STEROIDOGENESIS_CORE	Core steroidogenesis	Figure_7	-0.08487037773922339	0.1518493405165474	-0.23671971825577076	-0.46673898874717334	0.43798526802893745	0.4603174603174603	exact	252	0.32	higher_in_group_b	0.8035714285714285	0.7467816223672221	False	False
GSE186800	GSE186800_GARDNERELLA2_VS_PBS2	second_exposure_bladder	independent_mouse_bulk	Gardnerella_2	PBS_2	5	5	submodule	steroid_cholesterol_endocrine	PROGESTERONE_BIOSYNTHESIS_RESPONSE	Progesterone biosynthesis and response	Figure_7	0.1063425856246488	-0.08679245757797416	0.19313504320262295	0.4046293889478974	0.500931844591316	0.5	exact	252	0.64	higher_in_group_a	0.8159340659340659	0.7955976355273842	False	False
GSE186800	GSE186800_GARDNERELLA2_VS_PBS2	second_exposure_bladder	independent_mouse_bulk	Gardnerella_2	PBS_2	5	5	submodule	steroid_cholesterol_endocrine	ESTROGEN_BIOSYNTHESIS	Estrogen biosynthesis and interconversion	Figure_7	0.3321344459898454	0.3424080384031793	-0.01027359241333392	-0.021007104450493332	0.9716650767083452	0.9444444444444444	exact	252	0.48	higher_in_group_b	0.9807692307692307	0.9838108901671996	False	False
GSE186800	GSE186800_GARDNERELLA2_VS_PBS2	second_exposure_bladder	independent_mouse_bulk	Gardnerella_2	PBS_2	5	5	submodule	steroid_cholesterol_endocrine	ESTROGEN_RECEPTOR_RESPONSE	Estrogen receptor response	Figure_7	0.21876882146595394	-0.2338132507946619	0.45258207226061586	0.6209436080188326	0.3101568208651954	0.3253968253968254	exact	252	0.68	higher_in_group_a	0.7105263157894737	0.7304442685036358	False	False
GSE186800	GSE186800_GARDNERELLA2_VS_PBS2	second_exposure_bladder	independent_mouse_bulk	Gardnerella_2	PBS_2	5	5	submodule	steroid_cholesterol_endocrine	ANDROGEN_TESTOSTERONE_BIOSYNTHESIS	Androgen and testosterone biosynthesis	Figure_7	-0.10309280394845563	0.14878684816030802	-0.2518796521087636	-0.4285860671514454	0.47713070240341215	0.5238095238095238	exact	252	0.4	higher_in_group_b	0.8159340659340659	0.788726263156661	False	False
GSE186800	GSE186800_GARDNERELLA2_VS_PBS2	second_exposure_bladder	independent_mouse_bulk	Gardnerella_2	PBS_2	5	5	submodule	steroid_cholesterol_endocrine	TESTOSTERONE_CONVERSION_AROMATIZATION	Testosterone conversion and aromatization	Figure_7	0.02035680546555353	0.2007479603212154	-0.18039115485566187	-0.292098094135526	0.6234410112058226	0.5952380952380952	exact	252	0.36	higher_in_group_b	0.8458646616541353	0.8559105408079938	False	False
GSE186800	GSE186800_GARDNERELLA2_VS_PBS2	second_exposure_bladder	independent_mouse_bulk	Gardnerella_2	PBS_2	5	5	submodule	steroid_cholesterol_endocrine	ANDROGEN_RECEPTOR_SIGNALING	Androgen receptor signaling	Figure_7	0.2851793248988715	-0.38116621748945956	0.6663455423883311	1.145004702598646	0.08065719650649422	0.09523809523809523	exact	252	0.76	higher_in_group_a	0.6428571428571428	0.6213043698637595	False	False
GSE186800	GSE186800_GARDNERELLA2_VS_PBS2	second_exposure_bladder	independent_mouse_bulk	Gardnerella_2	PBS_2	5	5	submodule	steroid_cholesterol_endocrine	GLUCOCORTICOID_RESPONSE	Glucocorticoid response	Figure_7	0.3566136888474457	0.14653816488366692	0.2100755239637788	0.3517237109598957	0.5552226569954753	0.5238095238095238	exact	252	0.64	higher_in_group_a	0.8159340659340659	0.8142067720748483	False	False
GSE186800	GSE186800_GARDNERELLA2_VS_PBS2	second_exposure_bladder	independent_mouse_bulk	Gardnerella_2	PBS_2	5	5	submodule	steroid_cholesterol_endocrine	MINERALOCORTICOID_RESPONSE	Mineralocorticoid response	Figure_7	0.26278343229556855	-0.1728303558868126	0.43561378818238117	1.3258001802124115	0.051095721451543764	0.06349206349206349	exact	252	0.88	higher_in_group_a	0.6428571428571428	0.6213043698637595	False	False
GSE186800	GSE186800_GARDNERELLA2_VS_PBS2	second_exposure_bladder	independent_mouse_bulk	Gardnerella_2	PBS_2	5	5	submodule	steroid_cholesterol_endocrine	STEROID_SULFATION_DESULFATION	Steroid sulfation and desulfation	Figure_7	0.21324156961269058	0.01355649233053	0.1996850772821606	0.509243059827235	0.40882485269409385	0.3968253968253968	exact	252	0.72	higher_in_group_a	0.7653061224489794	0.7467816223672221	False	False
GSE186800	GSE186800_GARDNERELLA2_VS_PBS2	second_exposure_bladder	independent_mouse_bulk	Gardnerella_2	PBS_2	5	5	submodule	steroid_cholesterol_endocrine	PLACENTAL_STEROID_METABOLISM	Placental steroid metabolism	Figure_7	-0.006152058677592473	-0.06025037811500418	0.05409831943741171	0.15434791707336956	0.7946073337552826	0.7857142857142857	exact	252	0.56	higher_in_group_a	0.9223602484472049	0.9205237403713028	False	False
GSE186800	GSE186800_GARDNERELLA2_VS_PBS2	second_exposure_bladder	independent_mouse_bulk	Gardnerella_2	PBS_2	5	5	submodule	steroid_cholesterol_endocrine	LXR_FXR_STEROL_SIGNALING	LXR and FXR sterol signaling	Figure_7	0.04989040396673906	-0.21724903010260127	0.2671394340693403	0.6322323631736677	0.3120325256786311	0.29365079365079366	exact	252	0.68	higher_in_group_a	0.7105263157894737	0.7304442685036358	False	False
GSE186800	GSE186800_GARDNERELLA2_VS_PBS2	second_exposure_bladder	independent_mouse_bulk	Gardnerella_2	PBS_2	5	5	submodule	lipid_metabolism	FATTY_ACID_SYNTHESIS	Fatty-acid synthesis	Figure_7	0.16396593791576067	-0.2052852751504887	0.36925121306624936	0.6544749270709673	0.28743963876654427	0.2857142857142857	exact	252	0.68	higher_in_group_a	0.7105263157894737	0.7304442685036358	False	False
GSE186800	GSE186800_GARDNERELLA2_VS_PBS2	second_exposure_bladder	independent_mouse_bulk	Gardnerella_2	PBS_2	5	5	submodule	lipid_metabolism	FATTY_ACID_BETA_OXIDATION	Fatty-acid beta-oxidation	Figure_7	0.12814204803333623	-0.1957354130260255	0.32387746105936177	1.4862343066377675	0.03460371444542991	0.031746031746031744	exact	252	0.92	higher_in_group_a	0.6428571428571428	0.6213043698637595	False	False
GSE186800	GSE186800_GARDNERELLA2_VS_PBS2	second_exposure_bladder	independent_mouse_bulk	Gardnerella_2	PBS_2	5	5	submodule	lipid_metabolism	PHOSPHOLIPID_METABOLISM	Phospholipid metabolism	Figure_7	0.13800899638872366	-0.31673184069067173	0.4547408370793954	0.9963949951421159	0.11928248180983565	0.14285714285714285	exact	252	0.8	higher_in_group_a	0.675	0.6213043698637595	False	False
GSE186800	GSE186800_GARDNERELLA2_VS_PBS2	second_exposure_bladder	independent_mouse_bulk	Gardnerella_2	PBS_2	5	5	submodule	lipid_metabolism	SPHINGOLIPID_CERAMIDE_METABOLISM	Sphingolipid and ceramide metabolism	Figure_7	0.3701761530408165	-0.17997093613544854	0.5501470891762651	1.2205286431799192	0.08105269840928414	0.07142857142857142	exact	252	0.84	higher_in_group_a	0.6428571428571428	0.6213043698637595	False	False
GSE186800	GSE186800_GARDNERELLA2_VS_PBS2	second_exposure_bladder	independent_mouse_bulk	Gardnerella_2	PBS_2	5	5	submodule	lipid_metabolism	EICOSANOID_PROSTAGLANDIN_METABOLISM	Eicosanoid and prostaglandin metabolism	Figure_7	0.05852950738477923	0.03736625179295962	0.021163255591819613	0.07921716886704465	0.8949740726274898	0.9206349206349206	exact	252	0.56	higher_in_group_a	0.9807692307692307	0.966571998437689	False	False
GSE186800	GSE186800_GARDNERELLA2_VS_PBS2	second_exposure_bladder	independent_mouse_bulk	Gardnerella_2	PBS_2	5	5	submodule	lipid_metabolism	LIPID_DROPLET_DYNAMICS	Lipid-droplet dynamics	Figure_7	0.3047578308219678	-0.1584722590582059	0.46323008988017367	1.4124642912785008	0.056495213956367196	0.047619047619047616	exact	252	0.92	higher_in_group_a	0.6428571428571428	0.6213043698637595	False	False
GSE186800	GSE186800_GARDNERELLA2_VS_PBS2	second_exposure_bladder	independent_mouse_bulk	Gardnerella_2	PBS_2	5	5	submodule	lipid_metabolism	PPAR_SREBP_LXR_REGULATION	PPAR, SREBP and LXR regulation	Figure_7	0.1618554601716649	-0.28046800816621903	0.44232346833788394	1.1656500578423767	0.09597996936945855	0.0873015873015873	exact	252	0.8	higher_in_group_a	0.6428571428571428	0.6213043698637595	False	False
GSE186800	GSE186800_GARDNERELLA2_VS_PBS2	second_exposure_bladder	independent_mouse_bulk	Gardnerella_2	PBS_2	5	5	submodule	lipid_metabolism	FERROPTOSIS_LIPID_PEROXIDATION	Ferroptosis-linked lipid peroxidation	Figure_7	0.04925551524485826	0.12339386781819257	-0.07413835257333432	-0.22680162506495738	0.7090205828028849	0.7063492063492064	exact	252	0.4	higher_in_group_b	0.8802197802197802	0.8701616243489951	False	False
GSE186800	GSE186800_GARDNERELLA2_VS_PBS2	second_exposure_bladder	independent_mouse_bulk	Gardnerella_2	PBS_2	5	5	submodule	carbohydrate_inflammatory_carbon	GLYCOLYSIS	Glycolysis	Figure_8	-0.027342394152149542	0.3299205748288604	-0.35726296898100995	-0.8350493743019118	0.18644968174565849	0.18253968253968253	exact	252	0.24	higher_in_group_b	0.7040816326530612	0.7191630581618256	False	False
GSE186800	GSE186800_GARDNERELLA2_VS_PBS2	second_exposure_bladder	independent_mouse_bulk	Gardnerella_2	PBS_2	5	5	submodule	carbohydrate_inflammatory_carbon	GLUCONEOGENESIS	Gluconeogenesis	Figure_8	0.018287716991345602	0.15934296176226748	-0.14105524477092188	-0.5642424650941784	0.356863317715988	0.42857142857142855	exact	252	0.4	higher_in_group_b	0.788961038961039	0.7304442685036358	False	False
GSE186800	GSE186800_GARDNERELLA2_VS_PBS2	second_exposure_bladder	independent_mouse_bulk	Gardnerella_2	PBS_2	5	5	submodule	carbohydrate_inflammatory_carbon	GLYCOGEN_SYNTHESIS	Glycogen synthesis	Figure_8	0.21649837480058096	-0.2707520821706001	0.4872504569711811	0.7511809176742281	0.23808104256757157	0.23015873015873015	exact	252	0.72	higher_in_group_a	0.7105263157894737	0.7304442685036358	False	False
GSE186800	GSE186800_GARDNERELLA2_VS_PBS2	second_exposure_bladder	independent_mouse_bulk	Gardnerella_2	PBS_2	5	5	submodule	carbohydrate_inflammatory_carbon	GLYCOGENOLYSIS	Glycogenolysis	Figure_8	0.13894465946298057	-0.2513688102110102	0.3903134696739908	0.6866823179864546	0.26419959341748883	0.2619047619047619	exact	252	0.72	higher_in_group_a	0.7105263157894737	0.7304442685036358	False	False
GSE186800	GSE186800_GARDNERELLA2_VS_PBS2	second_exposure_bladder	independent_mouse_bulk	Gardnerella_2	PBS_2	5	5	submodule	carbohydrate_inflammatory_carbon	PENTOSE_PHOSPHATE_PATHWAY	Pentose-phosphate pathway	Figure_8	-0.12521737311009673	0.1799719207411766	-0.30518929385127336	-0.4978064340028644	0.42409419740219634	0.5079365079365079	exact	252	0.4	higher_in_group_b	0.8159340659340659	0.7467816223672221	False	False
GSE186800	GSE186800_GARDNERELLA2_VS_PBS2	second_exposure_bladder	independent_mouse_bulk	Gardnerella_2	PBS_2	5	5	submodule	carbohydrate_inflammatory_carbon	TCA_OXPHOS	TCA cycle and oxidative phosphorylation	Figure_8	0.01927037984452649	0.18933463262779224	-0.17006425278326576	-0.4205129301862965	0.49195653858315547	0.47619047619047616	exact	252	0.4	higher_in_group_b	0.8035714285714285	0.7955976355273842	False	False
GSE186800	GSE186800_GARDNERELLA2_VS_PBS2	second_exposure_bladder	independent_mouse_bulk	Gardnerella_2	PBS_2	5	5	submodule	carbohydrate_inflammatory_carbon	LACTATE_HIF1A_INFLAMMATORY_GLYCOLYSIS	Lactate and HIF1A inflammatory glycolysis	Figure_8	0.11481350979141536	-0.32409280192660495	0.4389063117180203	0.9001477583254028	0.16147232948231835	0.15873015873015872	exact	252	0.76	higher_in_group_a	0.675	0.6883820362140941	False	False
GSE186800	GSE186800_GARDNERELLA2_VS_PBS2	second_exposure_bladder	independent_mouse_bulk	Gardnerella_2	PBS_2	5	5	submodule	carbohydrate_inflammatory_carbon	AMPK_SIGNALING	AMPK signaling	Figure_8	0.20593042636376574	-0.312580447943814	0.5185108743075797	1.1164229626392288	0.08659715105281085	0.10317460317460317	exact	252	0.8	higher_in_group_a	0.6428571428571428	0.6213043698637595	False	False
GSE186800	GSE186800_GARDNERELLA2_VS_PBS2	second_exposure_bladder	independent_mouse_bulk	Gardnerella_2	PBS_2	5	5	submodule	carbohydrate_inflammatory_carbon	MTOR_SIGNALING	mTOR signaling	Figure_8	0.1277883322725325	-0.02564932030020884	0.15343765257274133	0.6560293104113122	0.3015206547822461	0.3253968253968254	exact	252	0.6	higher_in_group_a	0.7105263157894737	0.7304442685036358	False	False
GSE186800	GSE186800_GARDNERELLA2_VS_PBS2	second_exposure_bladder	independent_mouse_bulk	Gardnerella_2	PBS_2	5	5	submodule	carbohydrate_inflammatory_carbon	GLUCOSE_TRANSPORT	Glucose transport	Figure_8	0.22856085354678987	-0.10033059736652514	0.328891450913315	0.5296399347186356	0.40106407400159283	0.3888888888888889	exact	252	0.8	higher_in_group_a	0.7653061224489794	0.7467816223672221	False	False
GSE186800	GSE186800_GARDNERELLA2_VS_PBS2	second_exposure_bladder	independent_mouse_bulk	Gardnerella_2	PBS_2	5	5	submodule	carbohydrate_inflammatory_carbon	AGE_RAGE_SIGNALING	AGE-RAGE signaling	Figure_8	0.09853869439745161	0.004284889138717782	0.09425380525873382	0.3860252831730766	0.5313082819998382	0.7222222222222222	exact	252	0.56	higher_in_group_a	0.8863636363636364	0.8142067720748483	False	False
GSE186800	GSE186800_GARDNERELLA2_VS_PBS2	second_exposure_bladder	independent_mouse_bulk	Gardnerella_2	PBS_2	5	5	submodule	insulin_irs_signaling	INSULIN_RECEPTOR_IRS	Insulin receptor and IRS signaling	Figure_8	0.24525849848780065	-0.44810732916159585	0.6933658276493965	0.9652474805146238	0.12984337671050036	0.11904761904761904	exact	252	0.8	higher_in_group_a	0.6428571428571428	0.6213043698637595	False	False
GSE186800	GSE186800_GARDNERELLA2_VS_PBS2	second_exposure_bladder	independent_mouse_bulk	Gardnerella_2	PBS_2	5	5	submodule	insulin_irs_signaling	PI3K_AKT_SIGNALING	PI3K-AKT signaling	Figure_8	0.2766794147266434	-0.454972818406039	0.7316522331326825	1.0063823454538638	0.11689039860204285	0.10317460317460317	exact	252	0.88	higher_in_group_a	0.6428571428571428	0.6213043698637595	False	False
GSE186800	GSE186800_GARDNERELLA2_VS_PBS2	second_exposure_bladder	independent_mouse_bulk	Gardnerella_2	PBS_2	5	5	submodule	insulin_irs_signaling	MTORC1_INSULIN_OUTPUT	mTORC1 insulin output	Figure_8	0.377842601049943	-0.34053143180881423	0.7183740328587572	1.2423858675072867	0.0748964497777926	0.05555555555555555	exact	252	0.88	higher_in_group_a	0.6428571428571428	0.6213043698637595	False	False
GSE186800	GSE186800_GARDNERELLA2_VS_PBS2	second_exposure_bladder	independent_mouse_bulk	Gardnerella_2	PBS_2	5	5	submodule	insulin_irs_signaling	AMPK_INSULIN_COUNTERREGULATION	AMPK counter-regulation of insulin signaling	Figure_8	0.3087276205821411	-0.5081193315203507	0.8168469521024918	0.9955317987307162	0.12222026116792005	0.1111111111111111	exact	252	0.8	higher_in_group_a	0.6428571428571428	0.6213043698637595	False	False
GSE186800	GSE186800_GARDNERELLA2_VS_PBS2	second_exposure_bladder	independent_mouse_bulk	Gardnerella_2	PBS_2	5	5	submodule	adipokine_signaling	LEPTIN_SIGNALING	Leptin signaling	Figure_8	0.3845408176287656	-0.29118095417441403	0.6757217718031796	1.3605483535083784	0.053925441457405146	0.047619047619047616	exact	252	0.88	higher_in_group_a	0.6428571428571428	0.6213043698637595	False	False
GSE186800	GSE186800_GARDNERELLA2_VS_PBS2	second_exposure_bladder	independent_mouse_bulk	Gardnerella_2	PBS_2	5	5	submodule	adipokine_signaling	ADIPONECTIN_SIGNALING	Adiponectin signaling	Figure_8	0.1850537913246037	-0.4295419536172106	0.6145957449418142	1.0574373389544813	0.1024508304761124	0.1111111111111111	exact	252	0.8	higher_in_group_a	0.6428571428571428	0.6213043698637595	False	False
GSE186800	GSE186800_GARDNERELLA2_VS_PBS2	second_exposure_bladder	independent_mouse_bulk	Gardnerella_2	PBS_2	5	5	submodule	adipokine_signaling	RESISTIN_INFLAMMATORY_SIGNALING	Resistin-associated inflammatory signaling	Figure_8	0.17369610692876997	0.02444657040468327	0.1492495365240867	0.5624013677989945	0.3607132190141411	0.3888888888888889	exact	252	0.6	higher_in_group_a	0.7653061224489794	0.7304442685036358	False	False
GSE186800	GSE186800_GARDNERELLA2_VS_PBS2	second_exposure_bladder	independent_mouse_bulk	Gardnerella_2	PBS_2	5	5	submodule	adipokine_signaling	ADIPOKINE_INFLAMMATORY_AXIS	Inflammatory adipokine axis	Figure_8	0.030308097481705664	0.2666260363325319	-0.23631793885082625	-0.48922933741526853	0.4174557029494863	0.47619047619047616	exact	252	0.44	higher_in_group_b	0.8035714285714285	0.7467816223672221	False	False
GSE186800	GSE186800_GARDNERELLA2_VS_PBS2	second_exposure_bladder	independent_mouse_bulk	Gardnerella_2	PBS_2	5	5	submodule	adipokine_signaling	PPARG_ADIPOMETABOLIC_REGULATION	PPARG adipometabolic regulation	Figure_8	0.4281280289300538	-0.1886384096370682	0.616766438567122	1.468492934934111	0.04537434736013464	0.03968253968253968	exact	252	0.88	higher_in_group_a	0.6428571428571428	0.6213043698637595	False	False
GSE186800	GSE186800_GARDNERELLA2_VS_PBS2	second_exposure_bladder	independent_mouse_bulk	Gardnerella_2	PBS_2	5	5	submodule	amino_acid_metabolism	TRYPTOPHAN_KYNURENINE	Tryptophan-kynurenine metabolism	Figure_9	-0.175353304442034	0.17080464381585475	-0.34615794825788876	-0.5966352424253206	0.3362000730398946	0.3333333333333333	exact	252	0.36	higher_in_group_b	0.7105263157894737	0.7304442685036358	False	False
GSE186800	GSE186800_GARDNERELLA2_VS_PBS2	second_exposure_bladder	independent_mouse_bulk	Gardnerella_2	PBS_2	5	5	submodule	amino_acid_metabolism	ARGININE_NO_UREA	Arginine, nitric oxide and urea coupling	Figure_9	0.045518975761413845	0.19706526697986132	-0.15154629121844748	-0.3474940930166417	0.564605931112464	0.5952380952380952	exact	252	0.36	higher_in_group_b	0.8458646616541353	0.8142067720748483	False	False
GSE186800	GSE186800_GARDNERELLA2_VS_PBS2	second_exposure_bladder	independent_mouse_bulk	Gardnerella_2	PBS_2	5	5	submodule	amino_acid_metabolism	GLUTAMINE_GLUTAMATE	Glutamine and glutamate metabolism	Figure_9	0.21778999230670873	-0.14761949475997732	0.3654094870666861	0.7269612241923549	0.23898629656185225	0.23809523809523808	exact	252	0.76	higher_in_group_a	0.7105263157894737	0.7304442685036358	False	False
GSE186800	GSE186800_GARDNERELLA2_VS_PBS2	second_exposure_bladder	independent_mouse_bulk	Gardnerella_2	PBS_2	5	5	submodule	amino_acid_metabolism	SERINE_GLYCINE_ONE_CARBON	Serine, glycine and one-carbon metabolism	Figure_9	0.19298008926955254	0.4860547431065411	-0.2930746538369886	-0.6512176825943531	0.29876396669388056	0.29365079365079366	exact	252	0.28	higher_in_group_b	0.7105263157894737	0.7304442685036358	False	False
GSE186800	GSE186800_GARDNERELLA2_VS_PBS2	second_exposure_bladder	independent_mouse_bulk	Gardnerella_2	PBS_2	5	5	submodule	amino_acid_metabolism	METHIONINE_SAM_METHYLATION	Methionine and SAM metabolism	Figure_9	0.10423016385117609	-0.0654394956367423	0.1696696594879184	0.33892655817397516	0.5729603210897081	0.5714285714285714	exact	252	0.64	higher_in_group_a	0.8458646616541353	0.8142067720748483	False	False
GSE186800	GSE186800_GARDNERELLA2_VS_PBS2	second_exposure_bladder	independent_mouse_bulk	Gardnerella_2	PBS_2	5	5	submodule	amino_acid_metabolism	BRANCHED_CHAIN_AMINO_ACIDS	Branched-chain amino-acid metabolism	Figure_9	-0.056859495093379085	-0.1615431080473421	0.104683612953963	0.26560261406202634	0.6549096119160498	0.6746031746031746	exact	252	0.6	higher_in_group_a	0.8802197802197802	0.8631643353973179	False	False
GSE186800	GSE186800_GARDNERELLA2_VS_PBS2	second_exposure_bladder	independent_mouse_bulk	Gardnerella_2	PBS_2	5	5	submodule	amino_acid_metabolism	AROMATIC_AMINO_ACID_METABOLISM	Aromatic amino-acid metabolism	Figure_9	-0.02086595115845888	0.15418722988291594	-0.17505318104137482	-0.2618413400930198	0.662189937231204	0.6507936507936508	exact	252	0.44	higher_in_group_b	0.8802197802197802	0.8631643353973179	False	False
GSE186800	GSE186800_GARDNERELLA2_VS_PBS2	second_exposure_bladder	independent_mouse_bulk	Gardnerella_2	PBS_2	5	5	submodule	amino_acid_metabolism	AMINO_ACID_TRANSPORT	Amino-acid transport	Figure_9	0.2636737637724698	-0.15982424337779558	0.4234980071502654	0.72605146100516	0.23944293087544882	0.23809523809523808	exact	252	0.72	higher_in_group_a	0.7105263157894737	0.7304442685036358	False	False
GSE186800	GSE186800_GARDNERELLA2_VS_PBS2	second_exposure_bladder	independent_mouse_bulk	Gardnerella_2	PBS_2	5	5	submodule	catecholamine_stress_adjacent	CATECHOLAMINE_BIOSYNTHESIS_DEGRADATION	Catecholamine biosynthesis and degradation	Figure_9	-0.15736659404936346	-0.048812448245788134	-0.10855414580357532	-0.23709576283464454	0.6926627382817983	0.6984126984126984	exact	252	0.36	higher_in_group_b	0.8802197802197802	0.8631643353973179	False	False
GSE186800	GSE186800_GARDNERELLA2_VS_PBS2	second_exposure_bladder	independent_mouse_bulk	Gardnerella_2	PBS_2	5	5	submodule	catecholamine_stress_adjacent	ADRENERGIC_STRESS_SIGNALING	Adrenergic stress signaling	Figure_9	0.21606919145146825	-0.23263100913859244	0.44870020059006066	0.8062860167384683	0.20538164099308068	0.1984126984126984	exact	252	0.72	higher_in_group_a	0.7105263157894737	0.7304442685036358	False	False
GSE186800	GSE186800_GARDNERELLA2_VS_PBS2	second_exposure_bladder	independent_mouse_bulk	Gardnerella_2	PBS_2	5	5	submodule	catecholamine_stress_adjacent	CATECHOLAMINE_IRON_REDOX_INTERFACE	Catecholamine, iron and redox interface	Figure_9	0.0691438584773703	0.18537091841749048	-0.11622705994012018	-0.25326261237087194	0.6775993266886471	0.6984126984126984	exact	252	0.44	higher_in_group_b	0.8802197802197802	0.8631643353973179	False	False
GSE186800	GSE186800_GARDNERELLA2_VS_PBS2	second_exposure_bladder	independent_mouse_bulk	Gardnerella_2	PBS_2	5	5	submodule	nucleotide_nad_nitrogen	PURINE_DE_NOVO_SYNTHESIS	De novo purine synthesis	Figure_9	0.3055075070108711	-0.05288720214495759	0.35839470915582866	0.5812692734715922	0.340754068099858	0.3253968253968254	exact	252	0.68	higher_in_group_a	0.7105263157894737	0.7304442685036358	False	False
GSE186800	GSE186800_GARDNERELLA2_VS_PBS2	second_exposure_bladder	independent_mouse_bulk	Gardnerella_2	PBS_2	5	5	submodule	nucleotide_nad_nitrogen	PURINE_SALVAGE	Purine salvage	Figure_9	0.07375975188811046	-0.007250126198354634	0.08100987808646509	0.15473559139386003	0.7955143435307555	0.8333333333333334	exact	252	0.68	higher_in_group_a	0.9507042253521126	0.9205237403713028	False	False
GSE186800	GSE186800_GARDNERELLA2_VS_PBS2	second_exposure_bladder	independent_mouse_bulk	Gardnerella_2	PBS_2	5	5	submodule	nucleotide_nad_nitrogen	PURINE_DEGRADATION_URATE	Purine degradation and urate	Figure_9	0.1283413863324197	-0.010363707680085987	0.1387050940125057	0.23866027234257642	0.6887301741736442	0.6984126984126984	exact	252	0.56	higher_in_group_a	0.8802197802197802	0.8631643353973179	False	False
GSE186800	GSE186800_GARDNERELLA2_VS_PBS2	second_exposure_bladder	independent_mouse_bulk	Gardnerella_2	PBS_2	5	5	submodule	nucleotide_nad_nitrogen	PYRIMIDINE_SYNTHESIS	Pyrimidine synthesis	Figure_9	0.09251412527476462	0.14432068555703817	-0.05180656028227355	-0.0794998303946113	0.8929619722957585	0.8809523809523809	exact	252	0.4	higher_in_group_b	0.972972972972973	0.966571998437689	False	False
GSE186800	GSE186800_GARDNERELLA2_VS_PBS2	second_exposure_bladder	independent_mouse_bulk	Gardnerella_2	PBS_2	5	5	submodule	nucleotide_nad_nitrogen	PYRIMIDINE_DEGRADATION	Pyrimidine degradation	Figure_9	-0.06339205160003765	0.2659357409424399	-0.3293277925424775	-0.8786905622987891	0.18027032356624736	0.15873015873015872	exact	252	0.28	higher_in_group_b	0.675	0.7191630581618256	False	False
GSE186800	GSE186800_GARDNERELLA2_VS_PBS2	second_exposure_bladder	independent_mouse_bulk	Gardnerella_2	PBS_2	5	5	submodule	nucleotide_nad_nitrogen	NAD_METABOLISM	NAD metabolism	Figure_9	0.0701732294355123	-0.13579061540728327	0.20596384484279556	0.5765529271590989	0.34556780960472133	0.3333333333333333	exact	252	0.68	higher_in_group_a	0.7105263157894737	0.7304442685036358	False	False
GSE186800	GSE186800_GARDNERELLA2_VS_PBS2	second_exposure_bladder	independent_mouse_bulk	Gardnerella_2	PBS_2	5	5	submodule	nucleotide_nad_nitrogen	UREA_CYCLE	Urea cycle	Figure_9	-0.05415705827286886	0.1671091824689338	-0.22126624074180268	-0.37124689301706526	0.5451072663983322	0.6746031746031746	exact	252	0.48	higher_in_group_b	0.8802197802197802	0.8142067720748483	False	False
GSE186800	GSE186800_GARDNERELLA2_VS_PBS2	second_exposure_bladder	independent_mouse_bulk	Gardnerella_2	PBS_2	5	5	submodule	nucleotide_nad_nitrogen	NITRIC_OXIDE_SYNTHESIS_REGULATION	Nitric-oxide synthesis and regulation	Figure_9	-0.019452833483559223	0.20329494953876806	-0.22274778302232728	-0.6583411823643781	0.28888755765077034	0.2777777777777778	exact	252	0.28	higher_in_group_b	0.7105263157894737	0.7304442685036358	False	False
GSE186800	GSE186800_GARDNERELLA2_VS_PBS2	second_exposure_bladder	independent_mouse_bulk	Gardnerella_2	PBS_2	5	5	submodule	nucleotide_nad_nitrogen	XANTHINE_OXIDASE_OXIDATIVE_PURINE_CATABOLISM	Xanthine oxidase and oxidative purine catabolism	Figure_9	0.1290909572928999	0.11427010057489242	0.01482085671800748	0.050344818210667455	0.9323094579891025	0.9682539682539683	exact	252	0.44	higher_in_group_a	0.9883928571428571	0.9739267107910047	False	False
GSE186800	GSE186800_GARDNERELLA2_VS_PBS2	second_exposure_bladder	independent_mouse_bulk	Gardnerella_2	PBS_2	5	5	submodule	complement_architecture	COMPLEMENT_CLASSICAL	Classical complement pathway	Figure_10	0.09018824613751533	0.11608598586792329	-0.02589773973040796	-0.04639848565089283	0.9378553511320786	0.9365079365079365	exact	252	0.52	higher_in_group_b	0.9807692307692307	0.9739267107910047	False	False
GSE186800	GSE186800_GARDNERELLA2_VS_PBS2	second_exposure_bladder	independent_mouse_bulk	Gardnerella_2	PBS_2	5	5	submodule	complement_architecture	COMPLEMENT_LECTIN	Lectin complement pathway	Figure_10	-0.020218440563077845	0.0862826416021067	-0.10650108216518456	-0.16276558790943504	0.7842022382083556	0.7619047619047619	exact	252	0.44	higher_in_group_b	0.9075630252100839	0.9205237403713028	False	False
GSE186800	GSE186800_GARDNERELLA2_VS_PBS2	second_exposure_bladder	independent_mouse_bulk	Gardnerella_2	PBS_2	5	5	submodule	complement_architecture	COMPLEMENT_ALTERNATIVE	Alternative complement pathway	Figure_10	0.022068720237849244	0.10152010660040378	-0.07945138636255454	-0.1791628870008013	0.7664768942065997	0.7619047619047619	exact	252	0.44	higher_in_group_b	0.9075630252100839	0.9205237403713028	False	False
GSE186800	GSE186800_GARDNERELLA2_VS_PBS2	second_exposure_bladder	independent_mouse_bulk	Gardnerella_2	PBS_2	5	5	submodule	complement_architecture	COMPLEMENT_C3_CONVERTASE_AMPLIFICATION	C3 convertase and amplification	Figure_10	0.1928192067021895	-0.07782397737055573	0.27064318407274524	0.5722643770857382	0.35040439485935226	0.35714285714285715	exact	252	0.68	higher_in_group_a	0.7417582417582418	0.7304442685036358	False	False
GSE186800	GSE186800_GARDNERELLA2_VS_PBS2	second_exposure_bladder	independent_mouse_bulk	Gardnerella_2	PBS_2	5	5	submodule	complement_architecture	COMPLEMENT_TERMINAL_MAC	Terminal complement and membrane-attack complex	Figure_10	0.0750168574102521	0.010189329512818205	0.0648275278974339	0.11546317311426603	0.8449669909220173	0.8492063492063492	exact	252	0.56	higher_in_group_a	0.9553571428571428	0.9505878647872694	False	False
GSE186800	GSE186800_GARDNERELLA2_VS_PBS2	second_exposure_bladder	independent_mouse_bulk	Gardnerella_2	PBS_2	5	5	submodule	complement_architecture	COMPLEMENT_REGULATORS	Complement regulators	Figure_10	-0.1095734745882809	-0.10525689242442064	-0.004316582163860258	-0.008206689154358387	0.9888977053491095	0.9920634920634921	exact	252	0.52	higher_in_group_b	0.9920634920634921	0.9888977053491094	False	False
GSE186800	GSE186800_GARDNERELLA2_VS_PBS2	second_exposure_bladder	independent_mouse_bulk	Gardnerella_2	PBS_2	5	5	submodule	complement_architecture	COMPLEMENT_COAGULATION_CROSSTALK	Complement-coagulation crosstalk	Figure_10	0.02665523217875475	0.09336676832715478	-0.06671153614840003	-0.08992382964677376	0.8801274701906341	0.8888888888888888	exact	252	0.44	higher_in_group_b	0.972972972972973	0.966571998437689	False	False
GSE186800	GSE186800_GARDNERELLA2_VS_PBS2	second_exposure_bladder	independent_mouse_bulk	Gardnerella_2	PBS_2	5	5	submodule	complement_architecture	COMPLEMENT_OPSONOPHAGOCYTOSIS	Complement-opsonophagocytosis	Figure_10	0.1023119759747805	0.24762336953489705	-0.14531139356011655	-0.2784558628745366	0.6392742812856372	0.6428571428571429	exact	252	0.4	higher_in_group_b	0.8802197802197802	0.8630202797356102	False	False
GSE186800	GSE186800_GARDNERELLA2_VS_PBS2	second_exposure_bladder	independent_mouse_bulk	Gardnerella_2	PBS_2	5	5	submodule	complement_architecture	COMPLEMENT_C3A_C5A_SIGNALING	C3a and C5a inflammatory signaling	Figure_10	0.206825446772208	0.0062686072530688365	0.20055683951913916	0.4695695499121211	0.44253725769909463	0.4523809523809524	exact	252	0.64	higher_in_group_a	0.8035714285714285	0.7467816223672221	False	False
GSE186800	GSE186800_GARDNERELLA2_VS_PBS2	second_exposure_bladder	independent_mouse_bulk	Gardnerella_2	PBS_2	5	5	submodule	immune_context_anchors	TLR4_LPS_SIGNALING_ANCHOR	TLR4-LPS signaling anchor	Integrated_network	0.13262820590745122	-0.10362832202324554	0.23625652793069676	0.5229167104180974	0.39066523802092384	0.42857142857142855	exact	252	0.68	higher_in_group_a	0.788961038961039	0.7467816223672221	False	False
GSE186800	GSE186800_GARDNERELLA2_VS_PBS2	second_exposure_bladder	independent_mouse_bulk	Gardnerella_2	PBS_2	5	5	submodule	immune_context_anchors	NFKB_MAPK_INFLAMMATION_ANCHOR	NF-kB and MAPK inflammation anchor	Integrated_network	0.1714901988054924	-0.0721312226034574	0.24362142140894982	0.6596047019698326	0.29796028210889985	0.30952380952380953	exact	252	0.6	higher_in_group_a	0.7105263157894737	0.7304442685036358	False	False
GSE186800	GSE186800_GARDNERELLA2_VS_PBS2	second_exposure_bladder	independent_mouse_bulk	Gardnerella_2	PBS_2	5	5	submodule	immune_context_anchors	NEUTROPHIL_NETOSIS_ANCHOR	Neutrophil and NETosis anchor	Integrated_network	-0.018807703845375078	0.37095782854014303	-0.3897655323855181	-0.9711599592635897	0.13039721342819643	0.14285714285714285	exact	252	0.24	higher_in_group_b	0.675	0.6213043698637595	False	False
GSE186800	GSE186800_GARDNERELLA2_VS_PBS2	second_exposure_bladder	independent_mouse_bulk	Gardnerella_2	PBS_2	5	5	submodule	immune_context_anchors	OXIDATIVE_STRESS_NRF2_ANCHOR	Oxidative stress and NRF2 anchor	Integrated_network	0.2304826050696827	0.07317865697265682	0.1573039480970259	0.5834375848680315	0.3472294525913989	0.3333333333333333	exact	252	0.68	higher_in_group_a	0.7105263157894737	0.7304442685036358	False	False
GSE186800	GSE186800_GARDNERELLA2_VS_PBS2	second_exposure_bladder	independent_mouse_bulk	Gardnerella_2	PBS_2	5	5	submodule	immune_context_anchors	UROTHELIAL_BARRIER_REPAIR_ANCHOR	Urothelial barrier and repair anchor	Integrated_network	0.027816077088338092	0.2976042264255393	-0.2697881493372012	-0.4712051316383138	0.4334626396410619	0.3333333333333333	exact	252	0.32	higher_in_group_b	0.7105263157894737	0.7467816223672221	False	False
GSE186800	GSE186800_GARDNERELLA2_VS_PBS2	second_exposure_bladder	independent_mouse_bulk	Gardnerella_2	PBS_2	5	5	submodule	immune_context_anchors	PREGNANCY_INFLAMMATION_ANCHOR	Pregnancy-associated inflammation anchor	Integrated_network	0.17717178968609357	-0.1509997455998864	0.32817153528598	1.0201218654768394	0.11500979501200012	0.10317460317460317	exact	252	0.8	higher_in_group_a	0.6428571428571428	0.6213043698637595	False	False
GSE186800	GSE186800_GARDNERELLA2_VS_PBS2	second_exposure_bladder	independent_mouse_bulk	Gardnerella_2	PBS_2	5	5	composite_index	composite_index	STEROID_INFLAMMATORY_IMBALANCE_INDEX	Steroid Inflammatory Imbalance Index	Integrated_network	0.07115265685355274	0.06515759429944779	0.005995062554104952	0.024842206203125113	0.9663827725235481	0.9761904761904762	exact	252	0.44	higher_in_group_a	0.9883928571428571	0.9838108901671996	False	False
GSE186800	GSE186800_GARDNERELLA2_VS_PBS2	second_exposure_bladder	independent_mouse_bulk	Gardnerella_2	PBS_2	5	5	composite_index	composite_index	INFLAMMATORY_CARBON_USE_INDEX	Inflammatory Carbon Use Index	Integrated_network	0.002296311666543216	-0.01413869125611807	0.016435002922661285	0.04884514767110521	0.9351749589454209	0.9206349206349206	exact	252	0.68	higher_in_group_a	0.9807692307692307	0.9739267107910047	False	False
GSE186800	GSE186800_GARDNERELLA2_VS_PBS2	second_exposure_bladder	independent_mouse_bulk	Gardnerella_2	PBS_2	5	5	composite_index	composite_index	COMPLEMENT_INFLAMMATORY_AMPLIFICATION_INDEX	Complement Inflammatory Amplification Index	Integrated_network	0.2253860849394052	0.11548849437765943	0.10989759056174578	0.32535581302012595	0.5965506917271497	0.5555555555555556	exact	252	0.52	higher_in_group_a	0.8458646616541353	0.8331138970672263	False	False
GSE186800	GSE186800_GARDNERELLA2_VS_PBS2	second_exposure_bladder	independent_mouse_bulk	Gardnerella_2	PBS_2	5	5	composite_index	composite_index	PREGNANCY_RISK_ENDOCRINE_METABOLIC_INFLAMMATION_INDEX	Pregnancy Risk Endocrine Metabolic Inflammation Index	Integrated_network	0.030219312939378584	-0.07602792251840676	0.10624723545778535	0.3384347286405438	0.5726312588857385	0.5793650793650794	exact	252	0.68	higher_in_group_a	0.8458646616541353	0.8142067720748483	False	False
