contrast_id	tissue	analysis_status	group_a	group_b	n_group_a	n_group_b	feature_type	axis	feature_id	display_label	proposed_figure_family	mean_group_a	mean_group_b	mean_difference_a_minus_b	hedges_g	hedges_g_ci_low	hedges_g_ci_high	welch_t	p_value	auc_group_a_higher	direction	interpretation	q_value_within_contrast	fdr_0_05	fdr_0_10	evidence_tier	stability_class	permutation_p_value	permutation_method	n_permutations	stable_hedges_g_ci_low	stable_hedges_g_ci_high	effect_ci_status	permutation_q_within_contrast	permutation_q_within_family	permutation_fdr_0_05	permutation_fdr_0_10	family_fdr_0_10
C1_PRETERM_VS_TERM	bladder	primary	UTI89_preterm	UTI89_term	6	3	submodule	steroid_cholesterol_endocrine	ESTROGEN_RECEPTOR_RESPONSE	Estrogen receptor response	Figure_7	0.0200398997954607	0.5924969603460543	-0.5724570605505934	-1.0495272485911142	-2.8556680143009627	-0.0265364510664716	-1.5371652561577185	0.212176309890399	0.3333333333333333	higher_in_group_b	positive effect indicates higher activity in UTI-associated preterm samples	0.9496436350759748	False	False	primary	small_group	0.21428571428571427	exact	84			suppressed_min_group_below_4	0.9211087420042643	0.7981859410430838	False	False	False
C1_PRETERM_VS_TERM	bladder	primary	UTI89_preterm	UTI89_term	6	3	submodule	steroid_cholesterol_endocrine	ANDROGEN_RECEPTOR_SIGNALING	Androgen receptor signaling	Figure_7	0.0012075935480878	0.7149794985616983	-0.7137719050136104	-1.0188848639899222	-2.511095779708452	-0.0551280043704081	-1.547013576805505	0.2034862106155691	0.2777777777777778	higher_in_group_b	positive effect indicates higher activity in UTI-associated preterm samples	0.9496436350759748	False	False	primary	small_group	0.19047619047619047	exact	84			suppressed_min_group_below_4	0.9211087420042643	0.7981859410430838	False	False	False
C1_PRETERM_VS_TERM	bladder	primary	UTI89_preterm	UTI89_term	6	3	submodule	steroid_cholesterol_endocrine	GLUCOCORTICOID_RESPONSE	Glucocorticoid response	Figure_7	0.0119426690659489	0.648746601463062	-0.636803932397113	-0.9410623700628638	-2.50094228024996	0.0058188051026898	-1.5217988168349572	0.1983385227438375	0.2777777777777778	higher_in_group_b	positive effect indicates higher activity in UTI-associated preterm samples	0.9496436350759748	False	False	primary	small_group	0.19047619047619047	exact	84			suppressed_min_group_below_4	0.9211087420042643	0.7981859410430838	False	False	False
C1_PRETERM_VS_TERM	bladder	primary	UTI89_preterm	UTI89_term	6	3	submodule	carbohydrate_inflammatory_carbon	GLYCOGEN_SYNTHESIS	Glycogen synthesis	Figure_8	-0.1227908109435781	0.703481309972492	-0.8262721209160702	-1.2540676429955062	-4.22826589632862	-0.2107949654086056	-1.5977987441023729	0.2225534697062998	0.1111111111111111	higher_in_group_b	positive effect indicates higher activity in UTI-associated preterm samples	0.9496436350759748	False	False	primary	small_group	0.08333333333333333	exact	84			suppressed_min_group_below_4	0.9211087420042643	0.5555555555555555	False	False	False
C1_PRETERM_VS_TERM	bladder	primary	UTI89_preterm	UTI89_term	6	3	submodule	carbohydrate_inflammatory_carbon	LACTATE_HIF1A_INFLAMMATORY_GLYCOLYSIS	Lactate and HIF1A inflammatory glycolysis	Figure_8	-0.077987050857173	0.5195776173617076	-0.5975646682188807	-0.8484877551076575	-4.813234859786336	1.1420739569599876	-1.0141377416494008	0.4032749593515818	0.3888888888888889	higher_in_group_b	positive effect indicates higher activity in UTI-associated preterm samples	0.9496436350759748	False	False	primary	small_group	0.2976190476190476	exact	84			suppressed_min_group_below_4	0.9211087420042643	0.5952380952380952	False	False	False
C1_PRETERM_VS_TERM	bladder	primary	UTI89_preterm	UTI89_term	6	3	submodule	carbohydrate_inflammatory_carbon	AMPK_SIGNALING	AMPK signaling	Figure_8	-0.0135948663989482	0.5207551366610765	-0.5343500030600248	-0.8122601070381932	-4.686816298141269	0.7984619959841774	-0.952934271168062	0.4299366625143295	0.3333333333333333	higher_in_group_b	positive effect indicates higher activity in UTI-associated preterm samples	0.9496436350759748	False	False	primary	small_group	0.2619047619047619	exact	84			suppressed_min_group_below_4	0.9211087420042643	0.5952380952380952	False	False	False
C1_PRETERM_VS_TERM	bladder	primary	UTI89_preterm	UTI89_term	6	3	submodule	carbohydrate_inflammatory_carbon	MTOR_SIGNALING	mTOR signaling	Figure_8	-0.1004607942007707	0.3562839734680322	-0.456744767668803	-0.8057188489579195	-2.4474114801801403	0.3173263098428721	-1.128768687592964	0.3395512134644705	0.2777777777777778	higher_in_group_b	positive effect indicates higher activity in UTI-associated preterm samples	0.9496436350759748	False	False	primary	small_group	0.23809523809523808	exact	84			suppressed_min_group_below_4	0.9211087420042643	0.5952380952380952	False	False	False
C1_PRETERM_VS_TERM	bladder	primary	UTI89_preterm	UTI89_term	6	3	submodule	insulin_irs_signaling	INSULIN_RECEPTOR_IRS	Insulin receptor and IRS signaling	Figure_8	-0.1423108398330854	0.8211151966717521	-0.9634260365048376	-1.3402578002419596	-4.484357357089168	-0.4430630407372328	-1.686084951979437	0.206804165836702	0.1111111111111111	higher_in_group_b	positive effect indicates higher activity in UTI-associated preterm samples	0.9496436350759748	False	False	primary	small_group	0.07142857142857142	exact	84			suppressed_min_group_below_4	0.9211087420042643	0.5555555555555555	False	False	False
C1_PRETERM_VS_TERM	bladder	primary	UTI89_preterm	UTI89_term	6	3	submodule	insulin_irs_signaling	PI3K_AKT_SIGNALING	PI3K-AKT signaling	Figure_8	-0.0888577380361011	0.7779011926559805	-0.8667589306920815	-1.289974024948377	-4.095338611851761	-0.3243613357624648	-1.6710633654836962	0.2049045757858086	0.1666666666666666	higher_in_group_b	positive effect indicates higher activity in UTI-associated preterm samples	0.9496436350759748	False	False	primary	small_group	0.08333333333333333	exact	84			suppressed_min_group_below_4	0.9211087420042643	0.5555555555555555	False	False	False
C1_PRETERM_VS_TERM	bladder	primary	UTI89_preterm	UTI89_term	6	3	submodule	insulin_irs_signaling	MTORC1_INSULIN_OUTPUT	mTORC1 insulin output	Figure_8	-0.0375644806525999	0.604324077197619	-0.6418885578502189	-0.8517546154371797	-3.7740871829383424	0.4233558001761299	-1.154077328798918	0.3353337349379985	0.2777777777777778	higher_in_group_b	positive effect indicates higher activity in UTI-associated preterm samples	0.9496436350759748	False	False	primary	small_group	0.25	exact	84			suppressed_min_group_below_4	0.9211087420042643	0.5952380952380952	False	False	False
C1_PRETERM_VS_TERM	bladder	primary	UTI89_preterm	UTI89_term	6	3	submodule	adipokine_signaling	LEPTIN_SIGNALING	Leptin signaling	Figure_8	0.0283779600529076	0.6927128767729155	-0.6643349167200078	-0.8527724012270284	-3.543784717444178	0.5949037624199295	-1.1048650419905202	0.3591104085384425	0.2777777777777778	higher_in_group_b	positive effect indicates higher activity in UTI-associated preterm samples	0.9496436350759748	False	False	primary	small_group	0.2619047619047619	exact	84			suppressed_min_group_below_4	0.9211087420042643	0.5952380952380952	False	False	False
C1_PRETERM_VS_TERM	bladder	primary	UTI89_preterm	UTI89_term	6	3	submodule	adipokine_signaling	ADIPONECTIN_SIGNALING	Adiponectin signaling	Figure_8	-0.1210908119784406	0.6334990679397944	-0.7545898799182351	-1.0885162443443697	-3.241990829225694	-0.051627892771571	-1.517305744325355	0.2254806873257621	0.2222222222222222	higher_in_group_b	positive effect indicates higher activity in UTI-associated preterm samples	0.9496436350759748	False	False	primary	small_group	0.14285714285714285	exact	84			suppressed_min_group_below_4	0.9211087420042643	0.5952380952380952	False	False	False
C1_PRETERM_VS_TERM	bladder	primary	UTI89_preterm	UTI89_term	6	3	submodule	amino_acid_metabolism	GLUTAMINE_GLUTAMATE	Glutamine and glutamate metabolism	Figure_9	0.0457228476316828	0.6807300626965395	-0.6350072150648567	-1.0249915329895265	-3.216898515607601	0.1852529482713713	-1.3962982625738398	0.2598334431170015	0.1666666666666666	higher_in_group_b	positive effect indicates higher activity in UTI-associated preterm samples	0.9496436350759748	False	False	primary	small_group	0.14285714285714285	exact	84			suppressed_min_group_below_4	0.9211087420042643	0.6462585034013605	False	False	False
C1_PRETERM_VS_TERM	bladder	primary	UTI89_preterm	UTI89_term	6	3	submodule	amino_acid_metabolism	SERINE_GLYCINE_ONE_CARBON	Serine, glycine and one-carbon metabolism	Figure_9	0.1007444574022394	0.6274126665589728	-0.5266682091567333	-0.9867953184936026	-2.772654653013772	-0.0747719474341782	-1.7376819227379567	0.1388018386527328	0.1666666666666666	higher_in_group_b	positive effect indicates higher activity in UTI-associated preterm samples	0.9496436350759748	False	False	primary	small_group	0.19047619047619047	exact	84			suppressed_min_group_below_4	0.9211087420042643	0.6462585034013605	False	False	False
C1_PRETERM_VS_TERM	bladder	primary	UTI89_preterm	UTI89_term	6	3	submodule	amino_acid_metabolism	METHIONINE_SAM_METHYLATION	Methionine and SAM metabolism	Figure_9	-0.0922853375538247	0.4466252375028428	-0.5389105750566675	-0.974855358925732	-3.847312049045852	0.3984405191011578	-1.217033780118597	0.3257415433803862	0.2777777777777778	higher_in_group_b	positive effect indicates higher activity in UTI-associated preterm samples	0.9496436350759748	False	False	primary	small_group	0.19047619047619047	exact	84			suppressed_min_group_below_4	0.9211087420042643	0.6462585034013605	False	False	False
C1_PRETERM_VS_TERM	bladder	primary	UTI89_preterm	UTI89_term	6	3	submodule	amino_acid_metabolism	AMINO_ACID_TRANSPORT	Amino-acid transport	Figure_9	0.0947928628851687	0.6689199261087575	-0.5741270632235888	-0.9110329763420932	-3.571825210959347	0.5027683597441323	-1.2009371904727448	0.3233316981103927	0.2777777777777778	higher_in_group_b	positive effect indicates higher activity in UTI-associated preterm samples	0.9496436350759748	False	False	primary	small_group	0.2261904761904762	exact	84			suppressed_min_group_below_4	0.9211087420042643	0.6462585034013605	False	False	False
C1_PRETERM_VS_TERM	bladder	primary	UTI89_preterm	UTI89_term	6	3	submodule	catecholamine_stress_adjacent	ADRENERGIC_STRESS_SIGNALING	Adrenergic stress signaling	Figure_9	-0.0106404639541117	0.5387259778157446	-0.5493664417698564	-0.9815447317630288	-3.5329080067843064	0.1508549423766388	-1.3338034789791011	0.2776407806885304	0.2222222222222222	higher_in_group_b	positive effect indicates higher activity in UTI-associated preterm samples	0.9496436350759748	False	False	primary	small_group	0.17857142857142858	exact	84			suppressed_min_group_below_4	0.9211087420042643	0.6462585034013605	False	False	False
C1_PRETERM_VS_TERM	bladder	primary	UTI89_preterm	UTI89_term	6	3	submodule	nucleotide_nad_nitrogen	PURINE_DE_NOVO_SYNTHESIS	De novo purine synthesis	Figure_9	0.0943120557933919	0.7882328638909794	-0.6939208080975874	-0.90439918257767	-2.8035422116795226	0.2637428488408057	-1.2450184361742886	0.3025526397359295	0.2777777777777778	higher_in_group_b	positive effect indicates higher activity in UTI-associated preterm samples	0.9496436350759748	False	False	primary	small_group	0.2261904761904762	exact	84			suppressed_min_group_below_4	0.9211087420042643	0.6462585034013605	False	False	False
C1_PRETERM_VS_TERM	bladder	primary	UTI89_preterm	UTI89_term	6	3	submodule	nucleotide_nad_nitrogen	PYRIMIDINE_SYNTHESIS	Pyrimidine synthesis	Figure_9	0.0656312873329941	0.5166047528313952	-0.450973465498401	-0.8425826478345854	-2.476508291283418	0.2689584841803506	-1.3554748114029578	0.2434458303233393	0.1666666666666666	higher_in_group_b	positive effect indicates higher activity in UTI-associated preterm samples	0.9496436350759748	False	False	primary	small_group	0.2261904761904762	exact	84			suppressed_min_group_below_4	0.9211087420042643	0.6462585034013605	False	False	False
C2_UPEC_VS_PBS_PREGNANCY	bladder	primary	UPEC_exposed_pregnancy	PBS_pregnancy_control	11	3	submodule	lipid_metabolism	FERROPTOSIS_LIPID_PEROXIDATION	Ferroptosis-linked lipid peroxidation	Figure_7	0.0730386304415242	-0.5033195820218613	0.5763582124633855	1.1508293610411644	-0.4155541196178828	3.87327682010171	1.315500969689903	0.3027579127063138	0.7575757575757576	higher_in_group_a	positive effect indicates higher activity in UPEC-exposed pregnancy samples	0.9908311375063732	False	False	primary	small_group	0.10164835164835165	exact	364			suppressed_min_group_below_4	0.9819024725274724	0.9193175245806825	False	False	False
C2_UPEC_VS_PBS_PREGNANCY	bladder	primary	UPEC_exposed_pregnancy	PBS_pregnancy_control	11	3	submodule	nucleotide_nad_nitrogen	PYRIMIDINE_SYNTHESIS	Pyrimidine synthesis	Figure_9	0.1616579369652447	-0.4230569364674552	0.5847148734326999	0.9269698590723384	-0.992039024437613	4.130631332001502	0.9754972199838228	0.4227924722864675	0.6666666666666666	higher_in_group_a	positive effect indicates higher activity in UPEC-exposed pregnancy samples	0.9908311375063732	False	False	primary	small_group	0.15934065934065933	exact	364			suppressed_min_group_below_4	0.9819024725274724	0.9642857142857142	False	False	False
C2_UPEC_VS_PBS_PREGNANCY	bladder	primary	UPEC_exposed_pregnancy	PBS_pregnancy_control	11	3	submodule	nucleotide_nad_nitrogen	PYRIMIDINE_DEGRADATION	Pyrimidine degradation	Figure_9	0.0464961423841832	-0.5455007987199981	0.5919969411041813	1.1825503908015684	-0.2690739978381039	3.540757078279735	1.4044220897571569	0.2762936627254829	0.7575757575757576	higher_in_group_a	positive effect indicates higher activity in UPEC-exposed pregnancy samples	0.9908311375063732	False	False	primary	small_group	0.07967032967032966	exact	364			suppressed_min_group_below_4	0.9819024725274724	0.9642857142857142	False	False	False
C2_UPEC_VS_PBS_PREGNANCY	bladder	primary	UPEC_exposed_pregnancy	PBS_pregnancy_control	11	3	submodule	immune_context_anchors	NEUTROPHIL_NETOSIS_ANCHOR	Neutrophil and NETosis anchor	Integrated_network	0.1323363828328149	-0.735680206558296	0.868016589391111	1.265255542033866	0.8568671256386736	2.4142632041819403	3.5126797718214835	0.0048524227711526	0.9696969696969696	higher_in_group_a	positive effect indicates higher activity in UPEC-exposed pregnancy samples	0.3930462444633683	False	False	primary	small_group	0.04945054945054945	exact	364			suppressed_min_group_below_4	0.9819024725274724	0.49450549450549447	False	False	False
C1_PRETERM_VS_TERM	placenta	primary	UTI89_preterm	UTI89_term	12	6	submodule	steroid_cholesterol_endocrine	GLUCOCORTICOID_RESPONSE	Glucocorticoid response	Figure_7	-0.0849806946614174	0.4443347275769336	-0.529315422238351	-0.8259823876820072	-1.9417088211383795	-0.0924495644668866	-1.9681295076721783	0.0691432401806045	0.2638888888888889	higher_in_group_b	positive effect indicates higher activity in UTI-associated preterm samples	0.9926472464488284	False	False	primary	moderate_stability	0.10168983101689831	monte_carlo	10000	-1.9417088211383795	-0.0924495644668866	retained	0.9926007399260074	0.9373507093735071	False	False	False
C1_PRETERM_VS_TERM	placenta	primary	UTI89_preterm	UTI89_term	12	6	submodule	nucleotide_nad_nitrogen	PYRIMIDINE_DEGRADATION	Pyrimidine degradation	Figure_9	0.1502136656479868	-0.2611814386535376	0.4113951043015245	0.8307072827642614	0.1582015009182079	1.7157145974273929	2.188926797482754	0.0437785596987934	0.6944444444444444	higher_in_group_a	positive effect indicates higher activity in UTI-associated preterm samples	0.9926472464488284	False	False	primary	moderate_stability	0.10138986101389862	monte_carlo	10000	0.1582015009182079	1.7157145974273929	retained	0.9926007399260074	0.992200779922008	False	False	False
C1_PRETERM_VS_TERM	placenta	primary	UTI89_preterm	UTI89_term	12	6	submodule	immune_context_anchors	NEUTROPHIL_NETOSIS_ANCHOR	Neutrophil and NETosis anchor	Integrated_network	0.1802932856374065	-0.2384205868268392	0.4187138724642458	0.9311897917716284	-0.0199235795258613	2.323469313989127	1.6817204133975796	0.1357756012307523	0.7361111111111112	higher_in_group_a	positive effect indicates higher activity in UTI-associated preterm samples	0.9926472464488284	False	False	primary	moderate_stability	0.06669333066693331	monte_carlo	10000	-0.0199235795258613	2.323469313989127	retained	0.9926007399260074	0.666933306669333	False	False	False
C2_UPEC_VS_PBS_PREGNANCY	placenta	primary	UPEC_exposed_pregnancy	PBS_pregnancy_control	22	6	submodule	steroid_cholesterol_endocrine	TESTOSTERONE_CONVERSION_AROMATIZATION	Testosterone conversion and aromatization	Figure_7	-0.115193639366797	0.42237667767827	-0.537570317045067	-1.2270353565274814	-2.5379003973473497	-0.3932667566445522	-2.7797226472750443	0.0236562318760289	0.1893939393939394	higher_in_group_b	positive effect indicates higher activity in UPEC-exposed pregnancy samples	0.7978403364729907	False	False	primary	moderate_stability	0.0136986301369863	monte_carlo	10000	-2.5379003973473497	-0.3932667566445522	retained	0.7957454254574543	0.3013698630136986	False	False	False
C1_PRETERM_VS_TERM	uterus	primary	UTI89_preterm	UTI89_term	6	3	submodule	steroid_cholesterol_endocrine	STEROIDOGENESIS_CORE	Core steroidogenesis	Figure_7	0.0620925485312092	-0.2316000804330894	0.2936926289642986	0.8795652756774262	0.1081343647204005	2.622937390131113	1.8108253376811916	0.113110593645759	0.7777777777777778	higher_in_group_a	positive effect indicates higher activity in UTI-associated preterm samples	0.9989229247590709	False	False	primary	small_group	0.20238095238095238	exact	84			suppressed_min_group_below_4	1.0	0.9761904761904762	False	False	False
C1_PRETERM_VS_TERM	uterus	primary	UTI89_preterm	UTI89_term	6	3	submodule	steroid_cholesterol_endocrine	ESTROGEN_RECEPTOR_RESPONSE	Estrogen receptor response	Figure_7	0.0724441312459193	0.3854932741503802	-0.3130491429044608	-0.9114340045584498	-3.430807351257529	0.4672541199440251	-1.260566330682072	0.2969116390003476	0.1666666666666666	higher_in_group_b	positive effect indicates higher activity in UTI-associated preterm samples	0.9989229247590709	False	False	primary	small_group	0.17857142857142858	exact	84			suppressed_min_group_below_4	1.0	0.9761904761904762	False	False	False
C1_PRETERM_VS_TERM	uterus	primary	UTI89_preterm	UTI89_term	6	3	submodule	steroid_cholesterol_endocrine	ANDROGEN_TESTOSTERONE_BIOSYNTHESIS	Androgen and testosterone biosynthesis	Figure_7	0.0027470042791278	-0.2632750165013791	0.2660220207805068	1.4716923478785662	0.4146578604563529	5.555071966522752	2.3595797627402058	0.0750148796132287	0.8888888888888888	higher_in_group_a	positive effect indicates higher activity in UTI-associated preterm samples	0.9989229247590709	False	False	primary	small_group	0.05952380952380952	exact	84			suppressed_min_group_below_4	1.0	0.9761904761904762	False	False	False
C1_PRETERM_VS_TERM	uterus	primary	UTI89_preterm	UTI89_term	6	3	submodule	steroid_cholesterol_endocrine	ANDROGEN_RECEPTOR_SIGNALING	Androgen receptor signaling	Figure_7	0.0386625262605227	0.421237346990013	-0.3825748207294902	-0.8043093611651837	-2.2874280336123305	0.17748315466344	-1.4505818252168603	0.1995165281653546	0.2222222222222222	higher_in_group_b	positive effect indicates higher activity in UTI-associated preterm samples	0.9989229247590709	False	False	primary	small_group	0.2261904761904762	exact	84			suppressed_min_group_below_4	1.0	0.9761904761904762	False	False	False
C1_PRETERM_VS_TERM	uterus	primary	UTI89_preterm	UTI89_term	6	3	submodule	carbohydrate_inflammatory_carbon	GLUCOSE_TRANSPORT	Glucose transport	Figure_8	-0.1924044629132701	0.3050713763166854	-0.4974758392299556	-1.0447689218991196	-4.690466161888907	0.3072605360321804	-1.3813682107957967	0.2686654053727577	0.2222222222222222	higher_in_group_b	positive effect indicates higher activity in UTI-associated preterm samples	0.9989229247590709	False	False	primary	small_group	0.14285714285714285	exact	84			suppressed_min_group_below_4	1.0	0.9803921568627452	False	False	False
C1_PRETERM_VS_TERM	uterus	primary	UTI89_preterm	UTI89_term	6	3	submodule	amino_acid_metabolism	AMINO_ACID_TRANSPORT	Amino-acid transport	Figure_9	-0.1545796989956497	0.2825980299840033	-0.4371777289796531	-1.0527503025877167	-2.9555293219626755	-0.1507591491288366	-1.9570877523825665	0.0969100164256465	0.1111111111111111	higher_in_group_b	positive effect indicates higher activity in UTI-associated preterm samples	0.9989229247590709	False	False	primary	small_group	0.11904761904761904	exact	84			suppressed_min_group_below_4	1.0	1.0	False	False	False
C2_UPEC_VS_PBS_PREGNANCY	uterus	primary	UPEC_exposed_pregnancy	PBS_pregnancy_control	11	3	submodule	steroid_cholesterol_endocrine	ANDROGEN_TESTOSTERONE_BIOSYNTHESIS	Androgen and testosterone biosynthesis	Figure_7	-0.0787990357816652	0.2889297978661018	-0.3677288336477671	-0.9779976514567984	-5.844074512149541	1.4396197999421907	-0.8534495493499868	0.4803386167705616	0.303030303030303	higher_in_group_b	positive effect indicates higher activity in UPEC-exposed pregnancy samples	0.97562643498631	False	False	primary	small_group	0.15384615384615385	exact	364			suppressed_min_group_below_4	0.8641483516483516	0.8270676691729324	False	False	False
C2_UPEC_VS_PBS_PREGNANCY	uterus	primary	UPEC_exposed_pregnancy	PBS_pregnancy_control	11	3	submodule	steroid_cholesterol_endocrine	STEROID_SULFATION_DESULFATION	Steroid sulfation and desulfation	Figure_7	-0.0883875842339697	0.3240878088578975	-0.4124753930918672	-0.8804057063697692	-3.0683127491011195	0.3967802201419345	-1.039144955927965	0.3927798047152414	0.3333333333333333	higher_in_group_b	positive effect indicates higher activity in UPEC-exposed pregnancy samples	0.97562643498631	False	False	primary	small_group	0.17307692307692307	exact	364			suppressed_min_group_below_4	0.8641483516483516	0.8270676691729324	False	False	False
C2_UPEC_VS_PBS_PREGNANCY	uterus	primary	UPEC_exposed_pregnancy	PBS_pregnancy_control	11	3	submodule	carbohydrate_inflammatory_carbon	GLUCONEOGENESIS	Gluconeogenesis	Figure_8	0.144098520670709	-0.5283612424592641	0.6724597631299731	1.1931810405762515	0.1798273970558471	2.974962589671257	1.6595866519949023	0.2063972459783043	0.7878787878787878	higher_in_group_a	positive effect indicates higher activity in UPEC-exposed pregnancy samples	0.97562643498631	False	False	primary	small_group	0.07967032967032966	exact	364			suppressed_min_group_below_4	0.8641483516483516	0.7417582417582418	False	False	False
C2_UPEC_VS_PBS_PREGNANCY	uterus	primary	UPEC_exposed_pregnancy	PBS_pregnancy_control	11	3	submodule	carbohydrate_inflammatory_carbon	TCA_OXPHOS	TCA cycle and oxidative phosphorylation	Figure_8	0.1560644172504665	-0.5722361965850443	0.7283006138355108	0.9104433454479705	-0.3935327846775963	2.9058629598804484	1.142192914229823	0.3519089426620977	0.7272727272727273	higher_in_group_a	positive effect indicates higher activity in UPEC-exposed pregnancy samples	0.97562643498631	False	False	primary	small_group	0.14560439560439561	exact	364			suppressed_min_group_below_4	0.8641483516483516	0.7417582417582418	False	False	False
C2_UPEC_VS_PBS_PREGNANCY	uterus	primary	UPEC_exposed_pregnancy	PBS_pregnancy_control	11	3	submodule	carbohydrate_inflammatory_carbon	AMPK_SIGNALING	AMPK signaling	Figure_8	0.1228943342516178	-0.4506125589225964	0.5735068931742142	0.938124875763557	-0.8164603276339235	3.965931269764428	1.0083432519160611	0.4089153821664769	0.6666666666666666	higher_in_group_a	positive effect indicates higher activity in UPEC-exposed pregnancy samples	0.97562643498631	False	False	primary	small_group	0.14560439560439561	exact	364			suppressed_min_group_below_4	0.8641483516483516	0.7417582417582418	False	False	False
C2_UPEC_VS_PBS_PREGNANCY	uterus	primary	UPEC_exposed_pregnancy	PBS_pregnancy_control	11	3	submodule	adipokine_signaling	ADIPOKINE_INFLAMMATORY_AXIS	Inflammatory adipokine axis	Figure_8	-0.0906307379982899	0.3323127059937297	-0.4229434439920196	-0.937365683597475	-2.514070159009325	0.0891454899981097	-1.5667460863430644	0.2076297106746482	0.1818181818181818	higher_in_group_b	positive effect indicates higher activity in UPEC-exposed pregnancy samples	0.97562643498631	False	False	primary	small_group	0.14835164835164835	exact	364			suppressed_min_group_below_4	0.8641483516483516	0.7417582417582418	False	False	False
C2_UPEC_VS_PBS_PREGNANCY	uterus	primary	UPEC_exposed_pregnancy	PBS_pregnancy_control	11	3	submodule	amino_acid_metabolism	BRANCHED_CHAIN_AMINO_ACIDS	Branched-chain amino-acid metabolism	Figure_9	0.1467161196790334	-0.5379591054897824	0.6846752251688158	0.9393602518520584	-0.5315945104765989	3.0925519495155083	1.0347444648397015	0.3976811318128179	0.7272727272727273	higher_in_group_a	positive effect indicates higher activity in UPEC-exposed pregnancy samples	0.97562643498631	False	False	primary	small_group	0.14560439560439561	exact	364			suppressed_min_group_below_4	0.8641483516483516	0.8001373626373626	False	False	False
C2_UPEC_VS_PBS_PREGNANCY	uterus	primary	UPEC_exposed_pregnancy	PBS_pregnancy_control	11	3	submodule	nucleotide_nad_nitrogen	NITRIC_OXIDE_SYNTHESIS_REGULATION	Nitric-oxide synthesis and regulation	Figure_9	-0.0768317559643194	0.2817164385358385	-0.3585481945001579	-0.8010822653736148	-4.465996426643666	1.0039697910893115	-0.7623689530704287	0.5208492462226245	0.3939393939393939	higher_in_group_b	positive effect indicates higher activity in UPEC-exposed pregnancy samples	0.97562643498631	False	False	primary	small_group	0.21703296703296704	exact	364			suppressed_min_group_below_4	0.8641483516483516	0.8001373626373626	False	False	False
C2_UPEC_VS_PBS_PREGNANCY	uterus	primary	UPEC_exposed_pregnancy	PBS_pregnancy_control	11	3	submodule	complement_architecture	COMPLEMENT_ALTERNATIVE	Alternative complement pathway	Figure_10	0.087981636047486	-0.3225993321741143	0.4105809682216004	0.961724494107166	-0.1073742464869673	2.3242913066788367	1.4580609387613697	0.2435607342403677	0.7575757575757576	higher_in_group_a	positive effect indicates higher activity in UPEC-exposed pregnancy samples	0.97562643498631	False	False	primary	small_group	0.14285714285714285	exact	364			suppressed_min_group_below_4	0.8641483516483516	0.35851648351648346	False	False	False
C2_UPEC_VS_PBS_PREGNANCY	uterus	primary	UPEC_exposed_pregnancy	PBS_pregnancy_control	11	3	submodule	complement_architecture	COMPLEMENT_C3_CONVERTASE_AMPLIFICATION	C3 convertase and amplification	Figure_10	0.0683475462754046	-0.2506076696764827	0.3189552159518873	1.1686840835533288	-0.0709992143416127	3.5214047974569644	1.388165772552264	0.280544359016744	0.8181818181818182	higher_in_group_a	positive effect indicates higher activity in UPEC-exposed pregnancy samples	0.97562643498631	False	False	primary	small_group	0.08791208791208792	exact	364			suppressed_min_group_below_4	0.8641483516483516	0.35851648351648346	False	False	False
C2_UPEC_VS_PBS_PREGNANCY	uterus	primary	UPEC_exposed_pregnancy	PBS_pregnancy_control	11	3	submodule	complement_architecture	COMPLEMENT_TERMINAL_MAC	Terminal complement and membrane-attack complex	Figure_10	0.0935302873549626	-0.3429443869681999	0.4364746743231625	0.960613721304766	0.2655399045717312	2.384851735790189	2.392400306014568	0.0437123700740547	0.8181818181818182	higher_in_group_a	positive effect indicates higher activity in UPEC-exposed pregnancy samples	0.97562643498631	False	False	primary	small_group	0.14560439560439561	exact	364			suppressed_min_group_below_4	0.8641483516483516	0.35851648351648346	False	False	False
C2_UPEC_VS_PBS_PREGNANCY	uterus	primary	UPEC_exposed_pregnancy	PBS_pregnancy_control	11	3	submodule	complement_architecture	COMPLEMENT_OPSONOPHAGOCYTOSIS	Complement-opsonophagocytosis	Figure_10	0.1047523038414297	-0.3840917807519015	0.4888440845933312	0.8797041911271781	-0.2412316991561536	2.7643583033395487	1.1773431092132862	0.3357697693530393	0.7272727272727273	higher_in_group_a	positive effect indicates higher activity in UPEC-exposed pregnancy samples	0.97562643498631	False	False	primary	small_group	0.15934065934065933	exact	364			suppressed_min_group_below_4	0.8641483516483516	0.35851648351648346	False	False	False
C3_INFECTED_PREGNANT_VS_NONPREGNANT	bladder	primary_small_group	UTI89_pregnant	UTI89_nonpregnant	9	4	submodule	steroid_cholesterol_endocrine	CHOLESTEROL_BIOSYNTHESIS	Cholesterol biosynthesis	Figure_7	0.0953576341510592	0.8659117852794413	-0.7705541511283821	-1.3346489251793725	-4.854304091616286	-0.0081685961297032	-1.873929498158149	0.1382081380967599	0.1666666666666666	higher_in_group_b	positive effect indicates higher activity in infected pregnant bladder	0.8535370868535016	False	False	primary	limited_stability	0.044755244755244755	exact	715	-4.854304091616286	-0.0081685961297032	retained	0.7863430686960098	0.6615384615384615	False	False	False
C3_INFECTED_PREGNANT_VS_NONPREGNANT	bladder	primary_small_group	UTI89_pregnant	UTI89_nonpregnant	9	4	submodule	steroid_cholesterol_endocrine	ESTROGEN_RECEPTOR_RESPONSE	Estrogen receptor response	Figure_7	0.2108589199789919	-0.42688350405412	0.637742424033112	0.8583021267150158	-0.497010798578654	2.8884963195801485	1.2092298387926843	0.2963005267969254	0.7222222222222222	higher_in_group_a	positive effect indicates higher activity in infected pregnant bladder	0.8535370868535016	False	False	primary	limited_stability	0.13706293706293707	exact	715	-0.497010798578654	2.8884963195801485	retained	0.7863430686960098	0.8564102564102564	False	False	False
C3_INFECTED_PREGNANT_VS_NONPREGNANT	bladder	primary_small_group	UTI89_pregnant	UTI89_nonpregnant	9	4	submodule	steroid_cholesterol_endocrine	GLUCOCORTICOID_RESPONSE	Glucocorticoid response	Figure_7	0.2242106465316533	-0.6808701853789106	0.905080831910564	1.1970524508315372	0.0945765427767007	3.2001733427270573	1.9241082619327536	0.1162551663857968	0.8055555555555556	higher_in_group_a	positive effect indicates higher activity in infected pregnant bladder	0.8535370868535016	False	False	primary	limited_stability	0.06013986013986014	exact	715	0.0945765427767007	3.2001733427270573	retained	0.7863430686960098	0.6615384615384615	False	False	False
C3_INFECTED_PREGNANT_VS_NONPREGNANT	bladder	primary_small_group	UTI89_pregnant	UTI89_nonpregnant	9	4	submodule	carbohydrate_inflammatory_carbon	GLYCOLYSIS	Glycolysis	Figure_8	0.283520864274458	-0.3913217579081869	0.6748426221826449	1.0101712519678727	-0.0728543581904224	3.0568883133414944	1.6079517945882609	0.1737976837297675	0.7777777777777778	higher_in_group_a	positive effect indicates higher activity in infected pregnant bladder	0.8535370868535016	False	False	primary	limited_stability	0.1076923076923077	exact	715	-0.0728543581904224	3.0568883133414944	retained	0.7863430686960098	0.7616998386229155	False	False	False
C3_INFECTED_PREGNANT_VS_NONPREGNANT	bladder	primary_small_group	UTI89_pregnant	UTI89_nonpregnant	9	4	submodule	nucleotide_nad_nitrogen	PURINE_SALVAGE	Purine salvage	Figure_9	0.2487034541399392	-0.5535067535676037	0.8022102077075429	1.3706554466140357	0.232937162049997	4.142911035907042	2.1376554181530785	0.0925326349975222	0.8055555555555556	higher_in_group_a	positive effect indicates higher activity in infected pregnant bladder	0.8535370868535016	False	False	primary	limited_stability	0.027972027972027972	exact	715	0.232937162049997	4.142911035907042	retained	0.7863430686960098	0.5400753093060786	False	False	False
C3_INFECTED_PREGNANT_VS_NONPREGNANT	bladder	primary_small_group	UTI89_pregnant	UTI89_nonpregnant	9	4	submodule	nucleotide_nad_nitrogen	PURINE_DEGRADATION_URATE	Purine degradation and urate	Figure_9	0.2347771750118166	-0.393224583520007	0.6280017585318236	1.0307811243653426	0.0853485421290797	3.657027585245181	1.833457904375399	0.1185391346467433	0.75	higher_in_group_a	positive effect indicates higher activity in infected pregnant bladder	0.8535370868535016	False	False	primary	limited_stability	0.0993006993006993	exact	715	0.0853485421290797	3.657027585245181	retained	0.7863430686960098	0.5400753093060786	False	False	False
C3_INFECTED_PREGNANT_VS_NONPREGNANT	bladder	primary_small_group	UTI89_pregnant	UTI89_nonpregnant	9	4	submodule	complement_architecture	COMPLEMENT_CLASSICAL	Classical complement pathway	Figure_10	0.2567222762032604	-0.7016563092214981	0.9583785854247586	0.9339565793762142	0.1401029242015889	2.068817108790363	1.890703168947248	0.0956481194891673	0.8055555555555556	higher_in_group_a	positive effect indicates higher activity in infected pregnant bladder	0.8535370868535016	False	False	primary	limited_stability	0.12027972027972028	exact	715	0.1401029242015889	2.068817108790363	retained	0.7863430686960098	0.36083916083916084	False	False	False
C3_INFECTED_PREGNANT_VS_NONPREGNANT	bladder	primary_small_group	UTI89_pregnant	UTI89_nonpregnant	9	4	submodule	complement_architecture	COMPLEMENT_LECTIN	Lectin complement pathway	Figure_10	0.2108635790508125	-0.5756220549230257	0.7864856339738382	1.0957972708101489	-0.0311080823901113	3.018739569515673	1.7620284656376852	0.1422913656383436	0.8055555555555556	higher_in_group_a	positive effect indicates higher activity in infected pregnant bladder	0.8535370868535016	False	False	primary	limited_stability	0.07552447552447553	exact	715	-0.0311080823901113	3.018739569515673	retained	0.7863430686960098	0.36083916083916084	False	False	False
C3_INFECTED_PREGNANT_VS_NONPREGNANT	bladder	primary_small_group	UTI89_pregnant	UTI89_nonpregnant	9	4	submodule	complement_architecture	COMPLEMENT_COAGULATION_CROSSTALK	Complement-coagulation crosstalk	Figure_10	0.206172834243659	-0.262132758187158	0.4683055924308171	1.079559418900903	0.4194431668482871	2.195007933449221	2.224234005518878	0.0556172861374776	0.8055555555555556	higher_in_group_a	positive effect indicates higher activity in infected pregnant bladder	0.8535370868535016	False	False	primary	limited_stability	0.08391608391608392	exact	715	0.4194431668482871	2.195007933449221	retained	0.7863430686960098	0.36083916083916084	False	False	False
C3_INFECTED_PREGNANT_VS_NONPREGNANT	bladder	primary_small_group	UTI89_pregnant	UTI89_nonpregnant	9	4	submodule	immune_context_anchors	UROTHELIAL_BARRIER_REPAIR_ANCHOR	Urothelial barrier and repair anchor	Integrated_network	0.1902759190136567	0.6186137648421852	-0.4283378458285284	-0.8374515387745279	-2.7128977530512515	0.3316882679030113	-1.2821691420402044	0.2644778958884665	0.3055555555555556	higher_in_group_b	positive effect indicates higher activity in infected pregnant bladder	0.8535370868535016	False	False	primary	limited_stability	0.16643356643356644	exact	715	-2.7128977530512515	0.3316882679030113	retained	0.7863430686960098	0.9132867132867133	False	False	False
