final_figure	panel	panel_key	panel_title	construction_mode	source_id	primary_source_description	phase_hint	resolution_type	resolved_for_implementation	top_table_or_metadata_candidate	top_candidate_score	top_candidate_columns	n_ranked_table_candidates	visual_reference_assets	source_bundle_paths	requires_manual_candidate_selection
Figure_1	A	Figure_1A	Central biological questions	conceptual_rebuild	01_study_design_and_question_map	working Figure 1; U26A module architecture		conceptual_source_bundle	True	project://03_metadata/phaseU26A4_GSE280297_established_asset_validation/GSE280297_U26A4_validated_sample_design.tsv	34.0	sample_id;annotation_row_matched;tissue;treatment;outcome;pregnancy_status;dam_id;unresolved_required_fields;annotation_evidence	8		project://03_metadata;project://06_tables/phaseU27B1_architecture_freeze_and_asset_mapping	True
Figure_1	B	Figure_1B	Dataset map by species, tissue, specimen and omics layer	table_driven_rebuild	dataset_manifest	dataset/sample manifests; working Figure 1		conceptual_source_bundle	True	project://06_tables/phaseU26B2A1_cross_dataset_input_repair/UTI_HostOmics_U26B2A1_bulk_dataset_readiness.tsv	19.0	dataset;species;biological_role;observed_samples;canonical_genes;annotation_match_fraction;expression_scale_class;ready_for_scoring;critical_note	8		project://03_metadata;project://06_tables/phaseU27B1_architecture_freeze_and_asset_mapping	True
Figure_1	C	Figure_1C	Sample and contrast architecture	table_driven_rebuild	contrast_manifest	GSE280297 validated design; comparator designs		conceptual_source_bundle	True	project://03_metadata/phaseU26A4_GSE280297_established_asset_validation/GSE280297_U26A4_validated_sample_design.tsv	22.0	sample_id;annotation_row_matched;tissue;treatment;outcome;pregnancy_status;dam_id;unresolved_required_fields;annotation_evidence	8		project://03_metadata;project://06_tables/phaseU27B1_architecture_freeze_and_asset_mapping	True
Figure_1	D	Figure_1D	Ten axes and 78-submodule hierarchy	table_driven_rebuild	U26A_module_dictionary	U26A expanded submodule library	U26A	table_or_metadata_driven	True	project://03_metadata/phaseU26A_expanded_endocrine_metabolic_immune_feasibility/UTI_HostOmics_U26A_expanded_submodule_library.tsv	78.0	axis;submodule_id;display_label;n_genes;genes;biological_readout;priority_weight;proposed_figure_family	8			False
Figure_1	E	Figure_1E	Analytical workflow	conceptual_rebuild	phase_workflow_manifest	phase decisions U26A-U27A4		conceptual_source_bundle	True	project://06_tables/phaseU27A4_final_visual_audit/UTI_HostOmics_U27A4_normalized_output_manifest.tsv	22.0	figure;format;source_path;normalized_path;source_filename;normalized_filename;source_prefix_mismatch;size_bytes	8		project://05_results;project://06_tables;project://10_scripts	True
Figure_1	F	Figure_1F	Evidence hierarchy	table_driven_rebuild	U26C1_evidence_tiers	U26C1 refined core and claim priorities	U26C1	table_or_metadata_driven	True	project://06_tables/phaseU26C1_interpretation_threshold_and_branch_refinement/UTI_HostOmics_U26C1_refined_core_and_secondary_modules.tsv	50.5	feature_id;axis;display_label;proposed_figure_family;n_independent_datasets;datasets;dataset_effects;n_positive_datasets;n_negative_datasets;dominant_direction;weighted_directional_coherence;median_effect;median_absolute_effect;max_absolute_effect;n_FDR10_datasets;n_moderate_effect_datasets;n_large_effect_datasets;validation_class;independent_evidence_priority_score;n_non_tiny_concordant_moderate_datasets;biological_priority;preterm_vs_term_effect;preterm_tissue_coherence;preterm_direction;infection_outcome_relation;refined_preterm_effect_class;refined_infection_outcome_relation;manuscript_claim_priority	8			False
Figure_2	A	Figure_2A	One independent infection-context effect per dataset	table_driven_rebuild	U26B2B1_primary_effects	U26B2B1 primary independent effects	U26B2B1	table_or_metadata_driven	True	project://06_tables/phaseU26B2B1_independent_dataset_evidence_collapse/UTI_HostOmics_U26B2B1_GSE186800_FDR10_noninfection_effects.tsv	44.0	dataset;contrast_id;biological_context;evidence_tier;group_a;group_b;feature_type;axis;feature_id;display_label;proposed_figure_family;effect_value;effect_metric;p_value;q_value;fdr_0_10;direction;n_group_a;n_group_b;fdr_bool;interpretation_boundary	8			True
Figure_2	B	Figure_2B	Robust, provisional, secondary and divergent modules	table_driven_rebuild	U26B2B1_classification	U26B2B1 evidence classes	U26B2B1	table_or_metadata_driven	True	project://03_metadata/phaseU26B2B1_independent_dataset_evidence_collapse/UTI_HostOmics_U26B2B1_Figures_7_to_11_panel_plan.tsv	41.0	figure_family;figure_title;panel;panel_title;purpose;priority_modules	8			True
Figure_2	C	Figure_2C	TLR4-leptin-PI3K/AKT core	table_driven_rebuild	U26C1_core_network	U26C1 refined synthesis	U26C1	conceptual_source_bundle	True	project://06_tables/phaseU26C1_interpretation_threshold_and_branch_refinement/UTI_HostOmics_U26C1_refined_core_and_secondary_modules.tsv	54.0	feature_id;axis;display_label;proposed_figure_family;n_independent_datasets;datasets;dataset_effects;n_positive_datasets;n_negative_datasets;dominant_direction;weighted_directional_coherence;median_effect;median_absolute_effect;max_absolute_effect;n_FDR10_datasets;n_moderate_effect_datasets;n_large_effect_datasets;validation_class;independent_evidence_priority_score;n_non_tiny_concordant_moderate_datasets;biological_priority;preterm_vs_term_effect;preterm_tissue_coherence;preterm_direction;infection_outcome_relation;refined_preterm_effect_class;refined_infection_outcome_relation;manuscript_claim_priority	8		project://03_metadata/phaseU26C1_interpretation_threshold_and_branch_refinement;project://05_results/phaseU26C1_interpretation_threshold_and_branch_refinement;project://06_tables/phaseU26C1_interpretation_threshold_and_branch_refinement	False
Figure_2	D	Figure_2D	Provisional complement core	table_driven_rebuild	U26C1_complement_core	U26C1 complement priorities	U26C1	conceptual_source_bundle	True	project://06_tables/phaseU26C1_interpretation_threshold_and_branch_refinement/UTI_HostOmics_U26C1_refined_core_and_secondary_modules.tsv	49.0	feature_id;axis;display_label;proposed_figure_family;n_independent_datasets;datasets;dataset_effects;n_positive_datasets;n_negative_datasets;dominant_direction;weighted_directional_coherence;median_effect;median_absolute_effect;max_absolute_effect;n_FDR10_datasets;n_moderate_effect_datasets;n_large_effect_datasets;validation_class;independent_evidence_priority_score;n_non_tiny_concordant_moderate_datasets;biological_priority;preterm_vs_term_effect;preterm_tissue_coherence;preterm_direction;infection_outcome_relation;refined_preterm_effect_class;refined_infection_outcome_relation;manuscript_claim_priority	8		project://03_metadata/phaseU26C1_interpretation_threshold_and_branch_refinement;project://05_results/phaseU26C1_interpretation_threshold_and_branch_refinement;project://06_tables/phaseU26C1_interpretation_threshold_and_branch_refinement	False
Figure_2	E	Figure_2E	Adjusted systemic inflammatory comparator	table_driven_rebuild	U26B2B_GSE112098	GSE112098 adjusted results	U26B2B	table_or_metadata_driven	True	project://06_tables/phaseU26B2B_cross_dataset_scoring_integration/UTI_HostOmics_U26B2B_GSE112098_unadjusted_results.tsv	74.0	dataset;contrast_id;biological_context;evidence_tier;group_a;group_b;n_group_a;n_group_b;feature_type;axis;feature_id;display_label;proposed_figure_family;mean_group_a;mean_group_b;mean_difference_a_minus_b;hedges_g;welch_p_value;permutation_p_value;permutation_method;n_permutations;auc_group_a_higher;direction;permutation_q_within_contrast;welch_q_within_contrast;permutation_fdr_0_05;permutation_fdr_0_10	8			True
Figure_2	F	Figure_2F	Gardnerella contextual effects and block separation	table_driven_rebuild	U26B2B_GSE186800	GSE186800 averaged treatment and block effects	U26B2B	table_or_metadata_driven	True	project://06_tables/phaseU26B2B_cross_dataset_scoring_integration/UTI_HostOmics_U26B2B_GSE186800_factorial_results.tsv	69.0	dataset;contrast_id;biological_context;evidence_tier;group_a;group_b;n_group_a;n_group_b;feature_type;axis;feature_id;display_label;proposed_figure_family;mean_group_a;mean_group_b;mean_difference_a_minus_b;hedges_g;model_estimate;model_standard_error;model_t_value;model_p_value;degrees_freedom;direction;model_q_within_contrast;model_fdr_0_05;model_fdr_0_10	8			True
Figure_2	G	Figure_2G	Evidence-weighted concordance network	table_driven_rebuild	U26B2B1_U26C_network	U26B2B1 recurrence and U26C network	U26B2B1	conceptual_source_bundle	True	project://06_tables/phaseU26B2B1_independent_dataset_evidence_collapse/UTI_HostOmics_U26B2B1_independent_dataset_recurrence_ranking.tsv	45.0	feature_id;axis;display_label;proposed_figure_family;n_independent_datasets;datasets;dataset_effects;n_positive_datasets;n_negative_datasets;dominant_direction;weighted_directional_coherence;median_effect;median_absolute_effect;max_absolute_effect;n_FDR10_datasets;n_moderate_effect_datasets;n_large_effect_datasets;validation_class;independent_evidence_priority_score	8		project://03_metadata/phaseU26B2B1_independent_dataset_evidence_collapse;project://05_results/phaseU26B2B1_independent_dataset_evidence_collapse;project://06_tables/phaseU26B2B1_independent_dataset_evidence_collapse	False
Figure_3	A	Figure_3A	GSE280297 experimental and tissue design	table_driven_rebuild	GSE280297_design	validated 60-sample design		table_or_metadata_driven	True	project://03_metadata/phaseU26A4_GSE280297_established_asset_validation/GSE280297_U26A4_validated_sample_design.tsv	47.0	sample_id;annotation_row_matched;tissue;treatment;outcome;pregnancy_status;dam_id;unresolved_required_fields;annotation_evidence	8			True
Figure_3	B	Figure_3B	Preterm-versus-term effects by tissue	table_driven_rebuild	U26B1_1_C1	U26B1.1 C1 primary results	U26B1_1	table_or_metadata_driven	True	project://06_tables/phaseU26B1_1_GSE280297_stability_refinement/UTI_HostOmics_U26B1_1_cross_tissue_directional_coherence.tsv	42.0	contrast_id;feature_id;axis;display_label;proposed_figure_family;n_tissues;n_positive_tissues;n_negative_tissues;directional_coherence_fraction;dominant_direction;median_hedges_g;mean_absolute_hedges_g	8			False
Figure_3	C	Figure_3C	Cross-tissue receptor and metabolic attenuation	table_driven_rebuild	U26B1_1_C1_concordance	U26B1.1 cross-tissue concordance	U26B1_1	table_or_metadata_driven	True	project://06_tables/phaseU26B1_1_GSE280297_stability_refinement/UTI_HostOmics_U26B1_1_cross_tissue_directional_coherence.tsv	47.0	contrast_id;feature_id;axis;display_label;proposed_figure_family;n_tissues;n_positive_tissues;n_negative_tissues;directional_coherence_fraction;dominant_direction;median_hedges_g;mean_absolute_hedges_g	8			False
Figure_3	D	Figure_3D	Steroid synthesis-response decoupling	table_driven_rebuild	U26C1_steroid_branching	U26C1 branch-selective steroid summary	U26C1	table_or_metadata_driven	True	project://06_tables/phaseU26C1_interpretation_threshold_and_branch_refinement/UTI_HostOmics_U26C1_refined_decoupling_domains.tsv	44.0	domain;n_features;median_effect;mean_effect;n_positive;n_negative;directional_coherence;dominant_direction;refined_effect_class;refined_interpretation	8			False
Figure_3	E	Figure_3E	UPEC pregnancy versus PBS pregnancy	table_driven_rebuild	U26B1_1_C2	U26B1.1 C2 results	U26B1_1	table_or_metadata_driven	True	project://06_tables/phaseU26B1_1_GSE280297_stability_refinement/UTI_HostOmics_U26B1_1_Figure_7_primary_effect_matrix.tsv	44.0	feature_id;C1_PRETERM_VS_TERM | bladder;C1_PRETERM_VS_TERM | placenta;C1_PRETERM_VS_TERM | uterus;C2_UPEC_VS_PBS_PREGNANCY | bladder;C2_UPEC_VS_PBS_PREGNANCY | placenta;C2_UPEC_VS_PBS_PREGNANCY | uterus;C3_INFECTED_PREGNANT_VS_NONPREGNANT | bladder	8			True
Figure_3	F	Figure_3F	Pregnant versus nonpregnant infected bladder	table_driven_rebuild	U26B1_1_C3	U26B1.1 C3 results	U26B1_1	table_or_metadata_driven	True	project://06_tables/phaseU26B1_1_GSE280297_stability_refinement/UTI_HostOmics_U26B1_1_Figure_7_primary_effect_matrix.tsv	41.0	feature_id;C1_PRETERM_VS_TERM | bladder;C1_PRETERM_VS_TERM | placenta;C1_PRETERM_VS_TERM | uterus;C2_UPEC_VS_PBS_PREGNANCY | bladder;C2_UPEC_VS_PBS_PREGNANCY | placenta;C2_UPEC_VS_PBS_PREGNANCY | uterus;C3_INFECTED_PREGNANT_VS_NONPREGNANT | bladder	8			True
Figure_3	G	Figure_3G	Tissue-specific complement and inflammatory carbon	table_driven_rebuild	U26B1_1_tissue_modules	U26B1.1 tissue heatmaps	U26B1_1	table_or_metadata_driven	True	project://06_tables/phaseU26B1_1_GSE280297_stability_refinement/UTI_HostOmics_U26B1_1_cross_tissue_directional_coherence.tsv	49.0	contrast_id;feature_id;axis;display_label;proposed_figure_family;n_tissues;n_positive_tissues;n_negative_tissues;directional_coherence_fraction;dominant_direction;median_hedges_g;mean_absolute_hedges_g	8			False
Figure_3	H	Figure_3H	Pregnancy-outcome working model	conceptual_rebuild	U26C1_pregnancy_model	U26C1 refined pregnancy synthesis	U26C1	conceptual_source_bundle	True	project://06_tables/phaseU26C1_interpretation_threshold_and_branch_refinement/UTI_HostOmics_U26C1_refined_core_and_secondary_modules.tsv	48.0	feature_id;axis;display_label;proposed_figure_family;n_independent_datasets;datasets;dataset_effects;n_positive_datasets;n_negative_datasets;dominant_direction;weighted_directional_coherence;median_effect;median_absolute_effect;max_absolute_effect;n_FDR10_datasets;n_moderate_effect_datasets;n_large_effect_datasets;validation_class;independent_evidence_priority_score;n_non_tiny_concordant_moderate_datasets;biological_priority;preterm_vs_term_effect;preterm_tissue_coherence;preterm_direction;infection_outcome_relation;refined_preterm_effect_class;refined_infection_outcome_relation;manuscript_claim_priority	8		project://03_metadata/phaseU26C1_interpretation_threshold_and_branch_refinement;project://05_results/phaseU26C1_interpretation_threshold_and_branch_refinement;project://06_tables/phaseU26C1_interpretation_threshold_and_branch_refinement	True
Figure_4	A	Figure_4A	Balanced cellular embedding	scripted_rebuild	U26D2A_embedding	U26D2A balanced cell annotations	U26D2A	table_or_metadata_driven	True	project://03_metadata/phaseU26D2A_GSE252321_marker_celltype_reconstruction/UTI_HostOmics_U26D2A_balanced_cell_annotations.tsv.gz	47.0	cell_id;raw_barcode;sample_id;condition;replicate;total_expression;detected_genes;mitochondrial_expression;pct_mitochondrial;adaptive_qc_pass;balanced_subset_row;cluster;broad_cell_type;annotation_confidence;corrected_component_1;corrected_component_2	8			False
Figure_4	B	Figure_4B	Cluster-marker validation and refined identities	table_driven_rebuild	U26D2A_D2A1_markers	U26D2A top markers and U26D2A1 refinement	U26D2A	table_or_metadata_driven	True	project://06_tables/phaseU26D2A_GSE252321_marker_celltype_reconstruction/UTI_HostOmics_U26D2A_cluster_top_markers.tsv	64.0	cluster;rank;gene_symbol;cluster_mean_log_expression;outside_mean_log_expression;specificity_difference;global_mean_log_expression	8			False
Figure_4	C	Figure_4C	Cell-type composition across four samples	table_driven_rebuild	U26D2A1_composition	U26D2A1 refined composition	U26D2A1	table_or_metadata_driven	True	project://06_tables/phaseU26D2A1_GSE252321_annotation_refinement/UTI_HostOmics_U26D2A1_refined_sample_celltype_composition.tsv	59.0	sample_id;condition;refined_broad_cell_type;n_cells;fraction_of_QC_cells	8			False
Figure_4	D	Figure_4D	Refined immune subtypes and states	table_driven_rebuild	U26D2A1_subtypes	U26D2A1 subtype composition	U26D2A1	table_or_metadata_driven	True	project://06_tables/phaseU26D2A1_GSE252321_annotation_refinement/UTI_HostOmics_U26D2A1_sample_subtype_composition.tsv	48.0	sample_id;condition;refined_cell_subtype;n_cells;fraction_of_QC_cells	8			True
Figure_4	E	Figure_4E	TNFSF9-positive and TNFSF9-high macrophages	table_driven_rebuild	U26D2A1_TNFSF9	U26D2A1 fixed targeted populations	U26D2A1	table_or_metadata_driven	True	project://06_tables/phaseU26D2A1_GSE252321_annotation_refinement/UTI_HostOmics_U26D2A1_fixed_targeted_population_summary.tsv	47.0	sample_id;condition;targeted_measure;numerator_cells;parent_cells;value;definition	8			True
Figure_4	F	Figure_4F	Strict and expanded Treg-like fractions	table_driven_rebuild	U26D2A1_Treg	U26D2A1 fixed targeted populations	U26D2A1	table_or_metadata_driven	True	project://03_metadata/phaseU26D2A1_GSE252321_annotation_refinement/UTI_HostOmics_U26D2A1_refined_all_QC_cell_annotations.tsv.gz	52.5	cell_id;raw_barcode;sample_id;condition;replicate;total_expression;detected_genes;mitochondrial_expression;pct_mitochondrial;adaptive_qc_pass;cluster;broad_cell_type;annotation_confidence;corrected_component_1;corrected_component_2;Treg_score;CD137L_macrophage_score;cycling_score;interferon_response_score;Treg_candidate;CD137L_high_macrophage_candidate;refined_broad_cell_type;refined_cell_subtype;FOXP3_log_normalized;IL2RA_log_normalized;CTLA4_log_normalized;TNFRSF18_log_normalized;IKZF2_log_normalized;TNFSF9_log_normalized;ADGRE1_log_normalized;LYZ2_log_normalized;CSF1R_log_normalized;CD68_log_normalized;strict_Treg_like_candidate;expanded_Treg_like_candidate;TNFSF9_positive_macrophage;TNFSF9_high_macrophage	8			False
Figure_4	G	Figure_4G	Sample-by-cell-type pseudobulk core localization	table_driven_rebuild	U26D2C_core_localization	U26D2C core cellular attribution	U26D2C	table_or_metadata_driven	True	project://06_tables/phaseU26D2C_cellular_localization_synthesis/UTI_HostOmics_U26D2C_core_module_cellular_attribution.tsv	60.0	feature_id;display_label;axis;proposed_figure_family;n_populations;n_positive_populations;n_negative_populations;directional_coherence_fraction;n_high_or_moderate_populations;top_population_by_composite_score;top_population_composite_score;top_population_evidence_class;top_population_mean_gene_log2FC;top_population_gene_direction_coherence;top_population_hedges_g;top_population_variance_sensitive_g;top_to_second_score_ratio;cellular_localization_class;median_mean_gene_log2FC;median_gene_direction_coherence;median_composite_score;top_refined_subtype;top_refined_subtype_composite_score;top_refined_subtype_mean_gene_log2FC;top_refined_subtype_gene_direction_coherence;top_refined_subtype_hedges_g;top_refined_subtype_variance_sensitive_g;biological_priority;manuscript_claim_priority;refined_infection_outcome_relation	8			False
Figure_4	H	Figure_4H	TNFSF9-macrophage-Treg inflammation model	conceptual_rebuild	U26D_cellular_model	U26D2A1/U26D2C synthesis		conceptual_source_bundle	True	project://03_metadata/phaseU26D2A1_GSE252321_annotation_refinement/UTI_HostOmics_U26D2A1_refined_all_QC_cell_annotations.tsv.gz	25.0	cell_id;raw_barcode;sample_id;condition;replicate;total_expression;detected_genes;mitochondrial_expression;pct_mitochondrial;adaptive_qc_pass;cluster;broad_cell_type;annotation_confidence;corrected_component_1;corrected_component_2;Treg_score;CD137L_macrophage_score;cycling_score;interferon_response_score;Treg_candidate;CD137L_high_macrophage_candidate;refined_broad_cell_type;refined_cell_subtype;FOXP3_log_normalized;IL2RA_log_normalized;CTLA4_log_normalized;TNFRSF18_log_normalized;IKZF2_log_normalized;TNFSF9_log_normalized;ADGRE1_log_normalized;LYZ2_log_normalized;CSF1R_log_normalized;CD68_log_normalized;strict_Treg_like_candidate;expanded_Treg_like_candidate;TNFSF9_positive_macrophage;TNFSF9_high_macrophage	8			False
Figure_5	A	Figure_5A	Independent endocrine/lipid infection effects	reuse_and_rebuild	U27A4_Figure_7A	U27A4 Figure 7A	U27A4	U27A4_visual_reference_plus_source_tables	True	project://06_tables/phaseU27A4_final_visual_audit/UTI_HostOmics_U27A4_visual_audit.tsv	37.0	figure;png_path;png_size_bytes;png_width_px;png_height_px;aspect_ratio;left_content_margin_fraction;top_content_margin_fraction;right_content_margin_fraction;bottom_content_margin_fraction;left_border_nonwhite_fraction;right_border_nonwhite_fraction;top_border_nonwhite_fraction;bottom_border_nonwhite_fraction;border_or_clipping_risk_flag;svg_path;svg_size_bytes;svg_width;svg_height;svg_viewbox;svg_parse_error;pdf_path;pdf_size_bytes	8	project://06_figures/phaseU27A4_final_visual_audit/UTI_HostOmics_U27A4_Figure_7.svg;project://06_figures/phaseU27A4_final_visual_audit/UTI_HostOmics_U27A4_Figure_7.pdf;project://06_figures/phaseU27A4_final_visual_audit/UTI_HostOmics_U27A4_Figure_7.png		True
Figure_5	B	Figure_5B	Pregnancy endocrine/lipid effects	reuse_and_rebuild	U27A4_Figure_7B	U27A4 Figure 7B	U27A4	U27A4_visual_reference_plus_source_tables	True	project://06_tables/phaseU27A4_final_visual_audit/UTI_HostOmics_U27A4_visual_audit.tsv	37.0	figure;png_path;png_size_bytes;png_width_px;png_height_px;aspect_ratio;left_content_margin_fraction;top_content_margin_fraction;right_content_margin_fraction;bottom_content_margin_fraction;left_border_nonwhite_fraction;right_border_nonwhite_fraction;top_border_nonwhite_fraction;bottom_border_nonwhite_fraction;border_or_clipping_risk_flag;svg_path;svg_size_bytes;svg_width;svg_height;svg_viewbox;svg_parse_error;pdf_path;pdf_size_bytes	8	project://06_figures/phaseU27A4_final_visual_audit/UTI_HostOmics_U27A4_Figure_7.svg;project://06_figures/phaseU27A4_final_visual_audit/UTI_HostOmics_U27A4_Figure_7.pdf;project://06_figures/phaseU27A4_final_visual_audit/UTI_HostOmics_U27A4_Figure_7.png		True
Figure_5	C	Figure_5C	Broad-cell endocrine/lipid localization	reuse_and_rebuild	U27A4_Figure_7C	U27A4 Figure 7C	U27A4	U27A4_visual_reference_plus_source_tables	True	project://06_tables/phaseU27A4_final_visual_audit/UTI_HostOmics_U27A4_visual_audit.tsv	37.0	figure;png_path;png_size_bytes;png_width_px;png_height_px;aspect_ratio;left_content_margin_fraction;top_content_margin_fraction;right_content_margin_fraction;bottom_content_margin_fraction;left_border_nonwhite_fraction;right_border_nonwhite_fraction;top_border_nonwhite_fraction;bottom_border_nonwhite_fraction;border_or_clipping_risk_flag;svg_path;svg_size_bytes;svg_width;svg_height;svg_viewbox;svg_parse_error;pdf_path;pdf_size_bytes	8	project://06_figures/phaseU27A4_final_visual_audit/UTI_HostOmics_U27A4_Figure_7.svg;project://06_figures/phaseU27A4_final_visual_audit/UTI_HostOmics_U27A4_Figure_7.pdf;project://06_figures/phaseU27A4_final_visual_audit/UTI_HostOmics_U27A4_Figure_7.png		True
Figure_5	D	Figure_5D	Steroid synthesis versus response branch map	table_driven_rebuild	U26C1_steroid_quadrant	U26C1 steroid branch summary	U26C1	conceptual_source_bundle	True	project://06_tables/phaseU26C1_interpretation_threshold_and_branch_refinement/UTI_HostOmics_U26C1_refined_core_and_secondary_modules.tsv	39.0	feature_id;axis;display_label;proposed_figure_family;n_independent_datasets;datasets;dataset_effects;n_positive_datasets;n_negative_datasets;dominant_direction;weighted_directional_coherence;median_effect;median_absolute_effect;max_absolute_effect;n_FDR10_datasets;n_moderate_effect_datasets;n_large_effect_datasets;validation_class;independent_evidence_priority_score;n_non_tiny_concordant_moderate_datasets;biological_priority;preterm_vs_term_effect;preterm_tissue_coherence;preterm_direction;infection_outcome_relation;refined_preterm_effect_class;refined_infection_outcome_relation;manuscript_claim_priority	8		project://03_metadata/phaseU26C1_interpretation_threshold_and_branch_refinement;project://05_results/phaseU26C1_interpretation_threshold_and_branch_refinement;project://06_tables/phaseU26C1_interpretation_threshold_and_branch_refinement	True
Figure_5	E	Figure_5E	Pan-immune cholesterol-synthesis suppression	table_driven_rebuild	U26D2C_cholesterol	U26D2C broad reliability	U26D2C	table_or_metadata_driven	True	project://06_tables/phaseU26D2C_cellular_localization_synthesis/UTI_HostOmics_U26D2C_broad_effect_reliability.tsv	49.0	population_level;population;feature_id;display_label;axis;proposed_figure_family;requested_genes;detected_genes;coverage_fraction;score_eligible;mean_control_score;mean_UPEC_score;mean_difference_UPEC_minus_control;hedges_g_UPEC_vs_control;exact_permutation_p;module_mean_gene_log2FC;module_median_gene_log2FC;fraction_genes_positive_log2FC;fraction_genes_negative_log2FC;gene_direction_coherence;direction;exact_permutation_q_within_population;hedges_g_finite;variance_sensitive_hedges_g;cellular_evidence_class;cellular_localization_score;effect_direction	8			False
Figure_5	F	Figure_5F	Lipid-droplet, PPAR/SREBP/LXR and ferroptosis	table_driven_rebuild	U26D2C_lipid_stress	U26D2C broad and subtype reliability	U26D2C	table_or_metadata_driven	True	project://06_tables/phaseU26D2C_cellular_localization_synthesis/UTI_HostOmics_U26D2C_subtype_effect_reliability.tsv	47.0	population_level;population;feature_id;display_label;axis;proposed_figure_family;requested_genes;detected_genes;coverage_fraction;score_eligible;mean_control_score;mean_UPEC_score;mean_difference_UPEC_minus_control;hedges_g_UPEC_vs_control;exact_permutation_p;module_mean_gene_log2FC;module_median_gene_log2FC;fraction_genes_positive_log2FC;fraction_genes_negative_log2FC;gene_direction_coherence;direction;exact_permutation_q_within_population;hedges_g_finite;variance_sensitive_hedges_g;cellular_evidence_class;cellular_localization_score;effect_direction	8			True
Figure_5	G	Figure_5G	Highest-support refined cellular subtypes	reuse_and_rebuild	U27A4_Figure_7D	U27A4 Figure 7D	U27A4	U27A4_visual_reference_plus_source_tables	True	project://06_tables/phaseU27A4_final_visual_audit/UTI_HostOmics_U27A4_visual_audit.tsv	37.0	figure;png_path;png_size_bytes;png_width_px;png_height_px;aspect_ratio;left_content_margin_fraction;top_content_margin_fraction;right_content_margin_fraction;bottom_content_margin_fraction;left_border_nonwhite_fraction;right_border_nonwhite_fraction;top_border_nonwhite_fraction;bottom_border_nonwhite_fraction;border_or_clipping_risk_flag;svg_path;svg_size_bytes;svg_width;svg_height;svg_viewbox;svg_parse_error;pdf_path;pdf_size_bytes	8	project://06_figures/phaseU27A4_final_visual_audit/UTI_HostOmics_U27A4_Figure_7.svg;project://06_figures/phaseU27A4_final_visual_audit/UTI_HostOmics_U27A4_Figure_7.pdf;project://06_figures/phaseU27A4_final_visual_audit/UTI_HostOmics_U27A4_Figure_7.png		True
Figure_6	A	Figure_6A	Independent adipokine/insulin/carbon effects	reuse_and_rebuild	U27A4_Figure_8A	U27A4 Figure 8A	U27A4	U27A4_visual_reference_plus_source_tables	True	project://06_tables/phaseU27A4_final_visual_audit/UTI_HostOmics_U27A4_visual_audit.tsv	37.0	figure;png_path;png_size_bytes;png_width_px;png_height_px;aspect_ratio;left_content_margin_fraction;top_content_margin_fraction;right_content_margin_fraction;bottom_content_margin_fraction;left_border_nonwhite_fraction;right_border_nonwhite_fraction;top_border_nonwhite_fraction;bottom_border_nonwhite_fraction;border_or_clipping_risk_flag;svg_path;svg_size_bytes;svg_width;svg_height;svg_viewbox;svg_parse_error;pdf_path;pdf_size_bytes	8	project://06_figures/phaseU27A4_final_visual_audit/UTI_HostOmics_U27A4_Figure_8.svg;project://06_figures/phaseU27A4_final_visual_audit/UTI_HostOmics_U27A4_Figure_8.pdf;project://06_figures/phaseU27A4_final_visual_audit/UTI_HostOmics_U27A4_Figure_8.png		True
Figure_6	B	Figure_6B	Pregnancy attenuation of leptin/IRS/PI3K-AKT	reuse_and_rebuild	U27A4_Figure_8B	U27A4 Figure 8B	U27A4	U27A4_visual_reference_plus_source_tables	True	project://06_tables/phaseU27A4_final_visual_audit/UTI_HostOmics_U27A4_visual_audit.tsv	37.0	figure;png_path;png_size_bytes;png_width_px;png_height_px;aspect_ratio;left_content_margin_fraction;top_content_margin_fraction;right_content_margin_fraction;bottom_content_margin_fraction;left_border_nonwhite_fraction;right_border_nonwhite_fraction;top_border_nonwhite_fraction;bottom_border_nonwhite_fraction;border_or_clipping_risk_flag;svg_path;svg_size_bytes;svg_width;svg_height;svg_viewbox;svg_parse_error;pdf_path;pdf_size_bytes	8	project://06_figures/phaseU27A4_final_visual_audit/UTI_HostOmics_U27A4_Figure_8.svg;project://06_figures/phaseU27A4_final_visual_audit/UTI_HostOmics_U27A4_Figure_8.pdf;project://06_figures/phaseU27A4_final_visual_audit/UTI_HostOmics_U27A4_Figure_8.png		True
Figure_6	C	Figure_6C	Broad-cell signaling trajectories	reuse_and_rebuild	U27A4_Figure_8C	U27A4 Figure 8C	U27A4	U27A4_visual_reference_plus_source_tables	True	project://06_tables/phaseU27A4_final_visual_audit/UTI_HostOmics_U27A4_visual_audit.tsv	37.0	figure;png_path;png_size_bytes;png_width_px;png_height_px;aspect_ratio;left_content_margin_fraction;top_content_margin_fraction;right_content_margin_fraction;bottom_content_margin_fraction;left_border_nonwhite_fraction;right_border_nonwhite_fraction;top_border_nonwhite_fraction;bottom_border_nonwhite_fraction;border_or_clipping_risk_flag;svg_path;svg_size_bytes;svg_width;svg_height;svg_viewbox;svg_parse_error;pdf_path;pdf_size_bytes	8	project://06_figures/phaseU27A4_final_visual_audit/UTI_HostOmics_U27A4_Figure_8.svg;project://06_figures/phaseU27A4_final_visual_audit/UTI_HostOmics_U27A4_Figure_8.pdf;project://06_figures/phaseU27A4_final_visual_audit/UTI_HostOmics_U27A4_Figure_8.png		True
Figure_6	D	Figure_6D	Refined-subtype adipokine and carbon support	reuse_and_rebuild	U27A4_Figure_8D	U27A4 Figure 8D	U27A4	U27A4_visual_reference_plus_source_tables	True	project://06_tables/phaseU27A4_final_visual_audit/UTI_HostOmics_U27A4_visual_audit.tsv	37.0	figure;png_path;png_size_bytes;png_width_px;png_height_px;aspect_ratio;left_content_margin_fraction;top_content_margin_fraction;right_content_margin_fraction;bottom_content_margin_fraction;left_border_nonwhite_fraction;right_border_nonwhite_fraction;top_border_nonwhite_fraction;bottom_border_nonwhite_fraction;border_or_clipping_risk_flag;svg_path;svg_size_bytes;svg_width;svg_height;svg_viewbox;svg_parse_error;pdf_path;pdf_size_bytes	8	project://06_figures/phaseU27A4_final_visual_audit/UTI_HostOmics_U27A4_Figure_8.svg;project://06_figures/phaseU27A4_final_visual_audit/UTI_HostOmics_U27A4_Figure_8.pdf;project://06_figures/phaseU27A4_final_visual_audit/UTI_HostOmics_U27A4_Figure_8.png		True
Figure_6	E	Figure_6E	Leptin-IRS-PI3K/AKT network	table_driven_rebuild	U26C1_U26D2C_metabolic_network	U26C1/U26D2C core synthesis	U26C1	conceptual_source_bundle	True	project://06_tables/phaseU26C1_interpretation_threshold_and_branch_refinement/UTI_HostOmics_U26C1_refined_core_and_secondary_modules.tsv	42.0	feature_id;axis;display_label;proposed_figure_family;n_independent_datasets;datasets;dataset_effects;n_positive_datasets;n_negative_datasets;dominant_direction;weighted_directional_coherence;median_effect;median_absolute_effect;max_absolute_effect;n_FDR10_datasets;n_moderate_effect_datasets;n_large_effect_datasets;validation_class;independent_evidence_priority_score;n_non_tiny_concordant_moderate_datasets;biological_priority;preterm_vs_term_effect;preterm_tissue_coherence;preterm_direction;infection_outcome_relation;refined_preterm_effect_class;refined_infection_outcome_relation;manuscript_claim_priority	8		project://03_metadata/phaseU26C1_interpretation_threshold_and_branch_refinement;project://05_results/phaseU26C1_interpretation_threshold_and_branch_refinement;project://06_tables/phaseU26C1_interpretation_threshold_and_branch_refinement	False
Figure_6	F	Figure_6F	Glycolysis, HIF1A, glycogen and pentose phosphate	table_driven_rebuild	U26D2C_carbon	U26D2C broad/subtype reliability	U26D2C	table_or_metadata_driven	True	project://06_tables/phaseU26D2C_cellular_localization_synthesis/UTI_HostOmics_U26D2C_subtype_effect_reliability.tsv	47.0	population_level;population;feature_id;display_label;axis;proposed_figure_family;requested_genes;detected_genes;coverage_fraction;score_eligible;mean_control_score;mean_UPEC_score;mean_difference_UPEC_minus_control;hedges_g_UPEC_vs_control;exact_permutation_p;module_mean_gene_log2FC;module_median_gene_log2FC;fraction_genes_positive_log2FC;fraction_genes_negative_log2FC;gene_direction_coherence;direction;exact_permutation_q_within_population;hedges_g_finite;variance_sensitive_hedges_g;cellular_evidence_class;cellular_localization_score;effect_direction	8			True
Figure_6	G	Figure_6G	Amino-acid transport and arginine-NO-urea	selected_rebuild	U27A4_Figure_9_selected_AA_NO	U27A4 Figure 9 source data	U27A4	U27A4_visual_reference_plus_source_tables	True	project://06_tables/phaseU27A4_final_visual_audit/UTI_HostOmics_U27A4_visual_audit.tsv	37.0	figure;png_path;png_size_bytes;png_width_px;png_height_px;aspect_ratio;left_content_margin_fraction;top_content_margin_fraction;right_content_margin_fraction;bottom_content_margin_fraction;left_border_nonwhite_fraction;right_border_nonwhite_fraction;top_border_nonwhite_fraction;bottom_border_nonwhite_fraction;border_or_clipping_risk_flag;svg_path;svg_size_bytes;svg_width;svg_height;svg_viewbox;svg_parse_error;pdf_path;pdf_size_bytes	8	project://06_figures/phaseU27A4_final_visual_audit/UTI_HostOmics_U27A4_Figure_9.svg;project://06_figures/phaseU27A4_final_visual_audit/UTI_HostOmics_U27A4_Figure_9.pdf;project://06_figures/phaseU27A4_final_visual_audit/UTI_HostOmics_U27A4_Figure_9.png		True
Figure_6	H	Figure_6H	Purine, NAD and NRF2-redox remodeling	selected_rebuild	U27A4_Figure_9_selected_purine_redox	U27A4 Figure 9 source data	U27A4	U27A4_visual_reference_plus_source_tables	True	project://06_tables/phaseU27A4_final_visual_audit/UTI_HostOmics_U27A4_visual_audit.tsv	37.0	figure;png_path;png_size_bytes;png_width_px;png_height_px;aspect_ratio;left_content_margin_fraction;top_content_margin_fraction;right_content_margin_fraction;bottom_content_margin_fraction;left_border_nonwhite_fraction;right_border_nonwhite_fraction;top_border_nonwhite_fraction;bottom_border_nonwhite_fraction;border_or_clipping_risk_flag;svg_path;svg_size_bytes;svg_width;svg_height;svg_viewbox;svg_parse_error;pdf_path;pdf_size_bytes	8	project://06_figures/phaseU27A4_final_visual_audit/UTI_HostOmics_U27A4_Figure_9.svg;project://06_figures/phaseU27A4_final_visual_audit/UTI_HostOmics_U27A4_Figure_9.pdf;project://06_figures/phaseU27A4_final_visual_audit/UTI_HostOmics_U27A4_Figure_9.png		True
Figure_7	A	Figure_7A	Complement effects organized by stage	reuse_and_rebuild	U27A4_Figure_10A	U27A4 Figure 10A	U27A4	U27A4_visual_reference_plus_source_tables	True	project://06_tables/phaseU27A4_final_visual_audit/UTI_HostOmics_U27A4_visual_audit.tsv	37.0	figure;png_path;png_size_bytes;png_width_px;png_height_px;aspect_ratio;left_content_margin_fraction;top_content_margin_fraction;right_content_margin_fraction;bottom_content_margin_fraction;left_border_nonwhite_fraction;right_border_nonwhite_fraction;top_border_nonwhite_fraction;bottom_border_nonwhite_fraction;border_or_clipping_risk_flag;svg_path;svg_size_bytes;svg_width;svg_height;svg_viewbox;svg_parse_error;pdf_path;pdf_size_bytes	8	project://06_figures/phaseU27A4_final_visual_audit/UTI_HostOmics_U27A4_Figure_10.svg;project://06_figures/phaseU27A4_final_visual_audit/UTI_HostOmics_U27A4_Figure_10.pdf;project://06_figures/phaseU27A4_final_visual_audit/UTI_HostOmics_U27A4_Figure_10.png		True
Figure_7	B	Figure_7B	Pregnancy complement effects	reuse_and_rebuild	U27A4_Figure_10B	U27A4 Figure 10B	U27A4	U27A4_visual_reference_plus_source_tables	True	project://06_tables/phaseU27A4_final_visual_audit/UTI_HostOmics_U27A4_visual_audit.tsv	37.0	figure;png_path;png_size_bytes;png_width_px;png_height_px;aspect_ratio;left_content_margin_fraction;top_content_margin_fraction;right_content_margin_fraction;bottom_content_margin_fraction;left_border_nonwhite_fraction;right_border_nonwhite_fraction;top_border_nonwhite_fraction;bottom_border_nonwhite_fraction;border_or_clipping_risk_flag;svg_path;svg_size_bytes;svg_width;svg_height;svg_viewbox;svg_parse_error;pdf_path;pdf_size_bytes	8	project://06_figures/phaseU27A4_final_visual_audit/UTI_HostOmics_U27A4_Figure_10.svg;project://06_figures/phaseU27A4_final_visual_audit/UTI_HostOmics_U27A4_Figure_10.pdf;project://06_figures/phaseU27A4_final_visual_audit/UTI_HostOmics_U27A4_Figure_10.png		True
Figure_7	C	Figure_7C	Broad-cell complement localization	reuse_and_rebuild	U27A4_Figure_10C	U27A4 Figure 10C	U27A4	U27A4_visual_reference_plus_source_tables	True	project://06_tables/phaseU27A4_final_visual_audit/UTI_HostOmics_U27A4_visual_audit.tsv	37.0	figure;png_path;png_size_bytes;png_width_px;png_height_px;aspect_ratio;left_content_margin_fraction;top_content_margin_fraction;right_content_margin_fraction;bottom_content_margin_fraction;left_border_nonwhite_fraction;right_border_nonwhite_fraction;top_border_nonwhite_fraction;bottom_border_nonwhite_fraction;border_or_clipping_risk_flag;svg_path;svg_size_bytes;svg_width;svg_height;svg_viewbox;svg_parse_error;pdf_path;pdf_size_bytes	8	project://06_figures/phaseU27A4_final_visual_audit/UTI_HostOmics_U27A4_Figure_10.svg;project://06_figures/phaseU27A4_final_visual_audit/UTI_HostOmics_U27A4_Figure_10.pdf;project://06_figures/phaseU27A4_final_visual_audit/UTI_HostOmics_U27A4_Figure_10.png		True
Figure_7	D	Figure_7D	Refined-subtype complement support	reuse_and_rebuild	U27A4_Figure_10D	U27A4 Figure 10D	U27A4	U27A4_visual_reference_plus_source_tables	True	project://06_tables/phaseU27A4_final_visual_audit/UTI_HostOmics_U27A4_visual_audit.tsv	37.0	figure;png_path;png_size_bytes;png_width_px;png_height_px;aspect_ratio;left_content_margin_fraction;top_content_margin_fraction;right_content_margin_fraction;bottom_content_margin_fraction;left_border_nonwhite_fraction;right_border_nonwhite_fraction;top_border_nonwhite_fraction;bottom_border_nonwhite_fraction;border_or_clipping_risk_flag;svg_path;svg_size_bytes;svg_width;svg_height;svg_viewbox;svg_parse_error;pdf_path;pdf_size_bytes	8	project://06_figures/phaseU27A4_final_visual_audit/UTI_HostOmics_U27A4_Figure_10.svg;project://06_figures/phaseU27A4_final_visual_audit/UTI_HostOmics_U27A4_Figure_10.pdf;project://06_figures/phaseU27A4_final_visual_audit/UTI_HostOmics_U27A4_Figure_10.png		True
Figure_7	E	Figure_7E	Complement branch topology	table_driven_rebuild	U26C1_U26D2C_complement_topology	U26C1/U26D2C complement synthesis	U26C1	conceptual_source_bundle	True	project://06_tables/phaseU26C1_interpretation_threshold_and_branch_refinement/UTI_HostOmics_U26C1_refined_core_and_secondary_modules.tsv	39.0	feature_id;axis;display_label;proposed_figure_family;n_independent_datasets;datasets;dataset_effects;n_positive_datasets;n_negative_datasets;dominant_direction;weighted_directional_coherence;median_effect;median_absolute_effect;max_absolute_effect;n_FDR10_datasets;n_moderate_effect_datasets;n_large_effect_datasets;validation_class;independent_evidence_priority_score;n_non_tiny_concordant_moderate_datasets;biological_priority;preterm_vs_term_effect;preterm_tissue_coherence;preterm_direction;infection_outcome_relation;refined_preterm_effect_class;refined_infection_outcome_relation;manuscript_claim_priority	8		project://03_metadata/phaseU26C1_interpretation_threshold_and_branch_refinement;project://05_results/phaseU26C1_interpretation_threshold_and_branch_refinement;project://06_tables/phaseU26C1_interpretation_threshold_and_branch_refinement	True
Figure_7	F	Figure_7F	C3a/C5a versus opsonophagocytosis	table_driven_rebuild	U26D2C_complement_comparison	U26D2C cellular attribution	U26D2C	table_or_metadata_driven	True	project://06_tables/phaseU26D2C_cellular_localization_synthesis/UTI_HostOmics_U26D2C_core_module_cellular_attribution.tsv	42.0	feature_id;display_label;axis;proposed_figure_family;n_populations;n_positive_populations;n_negative_populations;directional_coherence_fraction;n_high_or_moderate_populations;top_population_by_composite_score;top_population_composite_score;top_population_evidence_class;top_population_mean_gene_log2FC;top_population_gene_direction_coherence;top_population_hedges_g;top_population_variance_sensitive_g;top_to_second_score_ratio;cellular_localization_class;median_mean_gene_log2FC;median_gene_direction_coherence;median_composite_score;top_refined_subtype;top_refined_subtype_composite_score;top_refined_subtype_mean_gene_log2FC;top_refined_subtype_gene_direction_coherence;top_refined_subtype_hedges_g;top_refined_subtype_variance_sensitive_g;biological_priority;manuscript_claim_priority;refined_infection_outcome_relation	8			False
Figure_7	G	Figure_7G	Coverage and evidence map	table_driven_rebuild	U26D2B_complement_coverage	U26D2B module coverage	U26D2B	table_or_metadata_driven	True	project://06_tables/phaseU26D2B_GSE252321_refined_celltype_pseudobulk/UTI_HostOmics_U26D2B_module_coverage.tsv	54.0	feature_id;display_label;axis;proposed_figure_family;requested_genes;detected_genes;coverage_fraction;score_eligible	8			False
Figure_8	A	Figure_8A	Core modules across infection and pregnancy contexts	reuse_and_rebuild	U27A4_Figure_11A	U27A4 Figure 11A	U27A4	U27A4_visual_reference_plus_source_tables	True	project://06_tables/phaseU27A4_final_visual_audit/UTI_HostOmics_U27A4_visual_audit.tsv	37.0	figure;png_path;png_size_bytes;png_width_px;png_height_px;aspect_ratio;left_content_margin_fraction;top_content_margin_fraction;right_content_margin_fraction;bottom_content_margin_fraction;left_border_nonwhite_fraction;right_border_nonwhite_fraction;top_border_nonwhite_fraction;bottom_border_nonwhite_fraction;border_or_clipping_risk_flag;svg_path;svg_size_bytes;svg_width;svg_height;svg_viewbox;svg_parse_error;pdf_path;pdf_size_bytes	8	project://06_figures/phaseU27A4_final_visual_audit/UTI_HostOmics_U27A4_Figure_11.svg;project://06_figures/phaseU27A4_final_visual_audit/UTI_HostOmics_U27A4_Figure_11.pdf;project://06_figures/phaseU27A4_final_visual_audit/UTI_HostOmics_U27A4_Figure_11.png		True
Figure_8	B	Figure_8B	Cell-source-resolved core localization	reuse_and_rebuild	U27A4_Figure_11B	U27A4 Figure 11B	U27A4	U27A4_visual_reference_plus_source_tables	True	project://06_tables/phaseU27A4_final_visual_audit/UTI_HostOmics_U27A4_visual_audit.tsv	37.0	figure;png_path;png_size_bytes;png_width_px;png_height_px;aspect_ratio;left_content_margin_fraction;top_content_margin_fraction;right_content_margin_fraction;bottom_content_margin_fraction;left_border_nonwhite_fraction;right_border_nonwhite_fraction;top_border_nonwhite_fraction;bottom_border_nonwhite_fraction;border_or_clipping_risk_flag;svg_path;svg_size_bytes;svg_width;svg_height;svg_viewbox;svg_parse_error;pdf_path;pdf_size_bytes	8	project://06_figures/phaseU27A4_final_visual_audit/UTI_HostOmics_U27A4_Figure_11.svg;project://06_figures/phaseU27A4_final_visual_audit/UTI_HostOmics_U27A4_Figure_11.pdf;project://06_figures/phaseU27A4_final_visual_audit/UTI_HostOmics_U27A4_Figure_11.png		True
Figure_8	C	Figure_8C	UPEC-associated cell-composition shifts	selected_rebuild	U27A4_Figure_11C_composition	U27A4 Figure 11C composition subset	U27A4	U27A4_visual_reference_plus_source_tables	True	project://06_tables/phaseU27A4_final_visual_audit/UTI_HostOmics_U27A4_visual_audit.tsv	37.0	figure;png_path;png_size_bytes;png_width_px;png_height_px;aspect_ratio;left_content_margin_fraction;top_content_margin_fraction;right_content_margin_fraction;bottom_content_margin_fraction;left_border_nonwhite_fraction;right_border_nonwhite_fraction;top_border_nonwhite_fraction;bottom_border_nonwhite_fraction;border_or_clipping_risk_flag;svg_path;svg_size_bytes;svg_width;svg_height;svg_viewbox;svg_parse_error;pdf_path;pdf_size_bytes	8	project://06_figures/phaseU27A4_final_visual_audit/UTI_HostOmics_U27A4_Figure_11.svg;project://06_figures/phaseU27A4_final_visual_audit/UTI_HostOmics_U27A4_Figure_11.pdf;project://06_figures/phaseU27A4_final_visual_audit/UTI_HostOmics_U27A4_Figure_11.png		True
Figure_8	D	Figure_8D	Treg-like and TNFSF9 macrophage states	selected_rebuild	U27A4_Figure_11C_targeted	U27A4 Figure 11C targeted-state subset	U27A4	U27A4_visual_reference_plus_source_tables	True	project://06_tables/phaseU27A4_final_visual_audit/UTI_HostOmics_U27A4_visual_audit.tsv	37.0	figure;png_path;png_size_bytes;png_width_px;png_height_px;aspect_ratio;left_content_margin_fraction;top_content_margin_fraction;right_content_margin_fraction;bottom_content_margin_fraction;left_border_nonwhite_fraction;right_border_nonwhite_fraction;top_border_nonwhite_fraction;bottom_border_nonwhite_fraction;border_or_clipping_risk_flag;svg_path;svg_size_bytes;svg_width;svg_height;svg_viewbox;svg_parse_error;pdf_path;pdf_size_bytes	8	project://06_figures/phaseU27A4_final_visual_audit/UTI_HostOmics_U27A4_Figure_11.svg;project://06_figures/phaseU27A4_final_visual_audit/UTI_HostOmics_U27A4_Figure_11.pdf;project://06_figures/phaseU27A4_final_visual_audit/UTI_HostOmics_U27A4_Figure_11.png		True
Figure_8	E	Figure_8E	Integrated mechanistic network	reuse_and_rebuild	U27A4_Figure_11D	U27A4 Figure 11D	U27A4	U27A4_visual_reference_plus_source_tables	True	project://06_tables/phaseU27A4_final_visual_audit/UTI_HostOmics_U27A4_visual_audit.tsv	37.0	figure;png_path;png_size_bytes;png_width_px;png_height_px;aspect_ratio;left_content_margin_fraction;top_content_margin_fraction;right_content_margin_fraction;bottom_content_margin_fraction;left_border_nonwhite_fraction;right_border_nonwhite_fraction;top_border_nonwhite_fraction;bottom_border_nonwhite_fraction;border_or_clipping_risk_flag;svg_path;svg_size_bytes;svg_width;svg_height;svg_viewbox;svg_parse_error;pdf_path;pdf_size_bytes	8	project://06_figures/phaseU27A4_final_visual_audit/UTI_HostOmics_U27A4_Figure_11.svg;project://06_figures/phaseU27A4_final_visual_audit/UTI_HostOmics_U27A4_Figure_11.pdf;project://06_figures/phaseU27A4_final_visual_audit/UTI_HostOmics_U27A4_Figure_11.png		True
Figure_8	F	Figure_8F	Evidence hierarchy and limitations	table_driven_rebuild	U26C1_U26D2C_evidence_boundary	U26C1 claim priorities and U26D2C boundaries	U26C1	conceptual_source_bundle	True	project://06_tables/phaseU26C1_interpretation_threshold_and_branch_refinement/UTI_HostOmics_U26C1_refined_core_and_secondary_modules.tsv	40.5	feature_id;axis;display_label;proposed_figure_family;n_independent_datasets;datasets;dataset_effects;n_positive_datasets;n_negative_datasets;dominant_direction;weighted_directional_coherence;median_effect;median_absolute_effect;max_absolute_effect;n_FDR10_datasets;n_moderate_effect_datasets;n_large_effect_datasets;validation_class;independent_evidence_priority_score;n_non_tiny_concordant_moderate_datasets;biological_priority;preterm_vs_term_effect;preterm_tissue_coherence;preterm_direction;infection_outcome_relation;refined_preterm_effect_class;refined_infection_outcome_relation;manuscript_claim_priority	8		project://03_metadata/phaseU26C1_interpretation_threshold_and_branch_refinement;project://05_results/phaseU26C1_interpretation_threshold_and_branch_refinement;project://06_tables/phaseU26C1_interpretation_threshold_and_branch_refinement	False
