script_path	script_phase	literal_reference	resolved_candidate_path	resolved_exists
project://10_scripts/phaseU26A1_targeted_source_contrast_and_species_repair.py	phaseU26A1_targeted_source_contrast_and_species_repair	UTI_HostOmics_U26A1_corrected_contrast_map.tsv		False
project://10_scripts/phaseU26A1_targeted_source_contrast_and_species_repair.py	phaseU26A1_targeted_source_contrast_and_species_repair	UTI_HostOmics_U26A1_gene_universe_summary.tsv		False
project://10_scripts/phaseU26A1_targeted_source_contrast_and_species_repair.py	phaseU26A1_targeted_source_contrast_and_species_repair	UTI_HostOmics_U26A1_phase_decision.tsv		False
project://10_scripts/phaseU26A1_targeted_source_contrast_and_species_repair.py	phaseU26A1_targeted_source_contrast_and_species_repair	UTI_HostOmics_U26A1_selected_expression_sources.tsv		False
project://10_scripts/phaseU26A1_targeted_source_contrast_and_species_repair.py	phaseU26A1_targeted_source_contrast_and_species_repair	UTI_HostOmics_U26A1_selected_source_qc.tsv		False
project://10_scripts/phaseU26A1_targeted_source_contrast_and_species_repair.py	phaseU26A1_targeted_source_contrast_and_species_repair	UTI_HostOmics_U26A1_species_harmonization_plan.tsv		False
project://10_scripts/phaseU26A1_targeted_source_contrast_and_species_repair.py	phaseU26A1_targeted_source_contrast_and_species_repair	UTI_HostOmics_U26A1_submodule_coverage_by_selected_source.tsv		False
project://10_scripts/phaseU26A1_targeted_source_contrast_and_species_repair.py	phaseU26A1_targeted_source_contrast_and_species_repair	UTI_HostOmics_U26A_dataset_source_inventory.tsv		False
project://10_scripts/phaseU26A1_targeted_source_contrast_and_species_repair.py	phaseU26A1_targeted_source_contrast_and_species_repair	{dataset}_U26A1_selected_source_gene_universe.txt		False
project://10_scripts/run_phaseU26A1_targeted_source_contrast_and_species_repair.sh	phaseU26A1_targeted_source_contrast_and_species_repair	Decision: $PROJECT_ROOT/06_tables/phaseU26A1_targeted_source_contrast_species_repair/UTI_HostOmics_U26A1_phase_decision.tsv		False
project://10_scripts/phaseU26A2_resolve_GSE280297_identifiers_and_design.py	phaseU26A2_resolve_GSE280297_identifiers_and_design	GSE280297_U26A2_canonical_gene_symbol_expression.tsv.gz		False
project://10_scripts/phaseU26A2_resolve_GSE280297_identifiers_and_design.py	phaseU26A2_resolve_GSE280297_identifiers_and_design	GSE280297_U26A2_deduplicated_sample_design.tsv		False
project://10_scripts/phaseU26A2_resolve_GSE280297_identifiers_and_design.py	phaseU26A2_resolve_GSE280297_identifiers_and_design	GSE280297_U26A2_resolved_gene_universe.txt		False
project://10_scripts/phaseU26A2_resolve_GSE280297_identifiers_and_design.py	phaseU26A2_resolve_GSE280297_identifiers_and_design	UTI_HostOmics_U26A2_GSE280297_canonical_matrix_qc.tsv		False
project://10_scripts/phaseU26A2_resolve_GSE280297_identifiers_and_design.py	phaseU26A2_resolve_GSE280297_identifiers_and_design	UTI_HostOmics_U26A2_GSE280297_expression_candidate_audit.tsv		False
project://10_scripts/phaseU26A2_resolve_GSE280297_identifiers_and_design.py	phaseU26A2_resolve_GSE280297_identifiers_and_design	UTI_HostOmics_U26A2_GSE280297_submodule_coverage.tsv		False
project://10_scripts/phaseU26A2_resolve_GSE280297_identifiers_and_design.py	phaseU26A2_resolve_GSE280297_identifiers_and_design	UTI_HostOmics_U26A2_phase_decision.tsv		False
project://10_scripts/phaseU26A2_resolve_GSE280297_identifiers_and_design.py	phaseU26A2_resolve_GSE280297_identifiers_and_design	_u26a2_ensmusg_ids.txt		False
project://10_scripts/phaseU26A2_resolve_GSE280297_identifiers_and_design.py	phaseU26A2_resolve_GSE280297_identifiers_and_design	_u26a2_ensmusg_to_symbol.tsv		False
project://10_scripts/run_phaseU26A2_resolve_GSE280297_identifiers_and_design.sh	phaseU26A2_resolve_GSE280297_identifiers_and_design	Decision: $PROJECT_ROOT/06_tables/$TAG/UTI_HostOmics_U26A2_phase_decision.tsv		False
project://10_scripts/phaseU26A3_explicit_source_and_metadata_reconstruction.py	phaseU26A3_explicit_source_and_metadata_reconstruction	GSE280297_Normalized.counts.csv.gz		False
project://10_scripts/phaseU26A3_explicit_source_and_metadata_reconstruction.py	phaseU26A3_explicit_source_and_metadata_reconstruction	GSE280297_U26A3_GEO_per_sample_metadata_wide.tsv		False
project://10_scripts/phaseU26A3_explicit_source_and_metadata_reconstruction.py	phaseU26A3_explicit_source_and_metadata_reconstruction	GSE280297_U26A3_canonical_gene_symbol_expression.tsv.gz		False
project://10_scripts/phaseU26A3_explicit_source_and_metadata_reconstruction.py	phaseU26A3_explicit_source_and_metadata_reconstruction	GSE280297_U26A3_deduplicated_sample_design.tsv		False
project://10_scripts/phaseU26A3_explicit_source_and_metadata_reconstruction.py	phaseU26A3_explicit_source_and_metadata_reconstruction	GSE280297_U26A3_raw_per_sample_metadata_records.tsv		False
project://10_scripts/phaseU26A3_explicit_source_and_metadata_reconstruction.py	phaseU26A3_explicit_source_and_metadata_reconstruction	GSE280297_gene_count.csv.gz		False
project://10_scripts/phaseU26A3_explicit_source_and_metadata_reconstruction.py	phaseU26A3_explicit_source_and_metadata_reconstruction	GSE280297_gene_count_clean_gene_symbol_matrix.tsv.gz		False
project://10_scripts/phaseU26A3_explicit_source_and_metadata_reconstruction.py	phaseU26A3_explicit_source_and_metadata_reconstruction	GSE280297_gene_count_repaired_gene_symbol_matrix.tsv.gz		False
project://10_scripts/phaseU26A3_explicit_source_and_metadata_reconstruction.py	phaseU26A3_explicit_source_and_metadata_reconstruction	UTI_HostOmics_U26A3_GSE280297_canonical_matrix_qc.tsv		False
project://10_scripts/phaseU26A3_explicit_source_and_metadata_reconstruction.py	phaseU26A3_explicit_source_and_metadata_reconstruction	UTI_HostOmics_U26A3_GSE280297_expression_candidate_audit.tsv		False
project://10_scripts/phaseU26A3_explicit_source_and_metadata_reconstruction.py	phaseU26A3_explicit_source_and_metadata_reconstruction	UTI_HostOmics_U26A3_GSE280297_submodule_coverage.tsv		False
project://10_scripts/phaseU26A3_explicit_source_and_metadata_reconstruction.py	phaseU26A3_explicit_source_and_metadata_reconstruction	UTI_HostOmics_U26A3_phase_decision.tsv		False
project://10_scripts/phaseU26A3_explicit_source_and_metadata_reconstruction.py	phaseU26A3_explicit_source_and_metadata_reconstruction	UTI_HostOmics_U26A_expanded_submodule_library.tsv		False
project://10_scripts/phaseU26A3_explicit_source_and_metadata_reconstruction.py	phaseU26A3_explicit_source_and_metadata_reconstruction	gene_count.csv		False
project://10_scripts/run_phaseU26A3_explicit_source_and_metadata_reconstruction.sh	phaseU26A3_explicit_source_and_metadata_reconstruction	Decision: $PROJECT_ROOT/06_tables/$TAG/UTI_HostOmics_U26A3_phase_decision.tsv		False
project://10_scripts/phaseU26A4_validate_established_GSE280297_assets.py	phaseU26A4_validate_established_GSE280297_assets	GSE280297_U26A4_validated_sample_design.tsv		False
project://10_scripts/phaseU26A4_validate_established_GSE280297_assets.py	phaseU26A4_validate_established_GSE280297_assets	GSE280297_gene_count_repaired_gene_symbol_matrix.tsv.gz		False
project://10_scripts/phaseU26A4_validate_established_GSE280297_assets.py	phaseU26A4_validate_established_GSE280297_assets	GSE280297_gene_count_repaired_sample_annotation_v1.tsv		False
project://10_scripts/phaseU26A4_validate_established_GSE280297_assets.py	phaseU26A4_validate_established_GSE280297_assets	GSE280297_normalized_repaired_gene_symbol_matrix.tsv.gz		False
project://10_scripts/phaseU26A4_validate_established_GSE280297_assets.py	phaseU26A4_validate_established_GSE280297_assets	GSE280297_normalized_repaired_sample_annotation_v1.tsv		False
project://10_scripts/phaseU26A4_validate_established_GSE280297_assets.py	phaseU26A4_validate_established_GSE280297_assets	UTI_HostOmics_U26A4_GSE280297_group_summary.tsv		False
project://10_scripts/phaseU26A4_validate_established_GSE280297_assets.py	phaseU26A4_validate_established_GSE280297_assets	UTI_HostOmics_U26A4_GSE280297_matrix_qc.tsv		False
project://10_scripts/phaseU26A4_validate_established_GSE280297_assets.py	phaseU26A4_validate_established_GSE280297_assets	UTI_HostOmics_U26A4_GSE280297_submodule_coverage.tsv		False
project://10_scripts/phaseU26A4_validate_established_GSE280297_assets.py	phaseU26A4_validate_established_GSE280297_assets	UTI_HostOmics_U26A4_established_input_inventory.tsv		False
project://10_scripts/phaseU26A4_validate_established_GSE280297_assets.py	phaseU26A4_validate_established_GSE280297_assets	UTI_HostOmics_U26A4_phase_decision.tsv		False
project://10_scripts/phaseU26A4_validate_established_GSE280297_assets.py	phaseU26A4_validate_established_GSE280297_assets	UTI_HostOmics_U26A4_unresolved_sample_design_rows.tsv		False
project://10_scripts/phaseU26A4_validate_established_GSE280297_assets.py	phaseU26A4_validate_established_GSE280297_assets	UTI_HostOmics_U26A_expanded_submodule_library.tsv		False
project://10_scripts/run_phaseU26A4_validate_established_GSE280297_assets.sh	phaseU26A4_validate_established_GSE280297_assets	Decision: $PROJECT_ROOT/06_tables/$TAG/UTI_HostOmics_U26A4_phase_decision.tsv		False
project://10_scripts/phaseU26A5_finalize_GSE280297_input_resolution.py	phaseU26A5_finalize_GSE280297_input_resolution	GSE280297_U26A5_canonical_60sample_gene_symbol_expression.tsv.gz		False
project://10_scripts/phaseU26A5_finalize_GSE280297_input_resolution.py	phaseU26A5_finalize_GSE280297_input_resolution	GSE280297_U26A5_validated_60sample_design.tsv		False
project://10_scripts/phaseU26A5_finalize_GSE280297_input_resolution.py	phaseU26A5_finalize_GSE280297_input_resolution	GSE280297_gene_count_repaired_gene_symbol_matrix.tsv.gz		False
project://10_scripts/phaseU26A5_finalize_GSE280297_input_resolution.py	phaseU26A5_finalize_GSE280297_input_resolution	GSE280297_gene_count_repaired_sample_annotation_v1.tsv		False
project://10_scripts/phaseU26A5_finalize_GSE280297_input_resolution.py	phaseU26A5_finalize_GSE280297_input_resolution	GSE280297_normalized_repaired_gene_symbol_matrix.tsv.gz		False
project://10_scripts/phaseU26A5_finalize_GSE280297_input_resolution.py	phaseU26A5_finalize_GSE280297_input_resolution	UTI_HostOmics_U26A5_GSE280297_contrast_blueprint.tsv		False
project://10_scripts/phaseU26A5_finalize_GSE280297_input_resolution.py	phaseU26A5_finalize_GSE280297_input_resolution	UTI_HostOmics_U26A5_GSE280297_group_summary.tsv		False
project://10_scripts/phaseU26A5_finalize_GSE280297_input_resolution.py	phaseU26A5_finalize_GSE280297_input_resolution	UTI_HostOmics_U26A5_GSE280297_matrix_qc.tsv		False
project://10_scripts/phaseU26A5_finalize_GSE280297_input_resolution.py	phaseU26A5_finalize_GSE280297_input_resolution	UTI_HostOmics_U26A5_GSE280297_metadata_qc.tsv		False
project://10_scripts/phaseU26A5_finalize_GSE280297_input_resolution.py	phaseU26A5_finalize_GSE280297_input_resolution	UTI_HostOmics_U26A5_GSE280297_submodule_coverage.tsv		False
project://10_scripts/phaseU26A5_finalize_GSE280297_input_resolution.py	phaseU26A5_finalize_GSE280297_input_resolution	UTI_HostOmics_U26A5_asset_disposition.tsv		False
project://10_scripts/phaseU26A5_finalize_GSE280297_input_resolution.py	phaseU26A5_finalize_GSE280297_input_resolution	UTI_HostOmics_U26A5_phase_decision.tsv		False
project://10_scripts/phaseU26A5_finalize_GSE280297_input_resolution.py	phaseU26A5_finalize_GSE280297_input_resolution	UTI_HostOmics_U26A5_unresolved_sample_design_rows.tsv		False
project://10_scripts/phaseU26A5_finalize_GSE280297_input_resolution.py	phaseU26A5_finalize_GSE280297_input_resolution	UTI_HostOmics_U26A_expanded_submodule_library.tsv		False
project://10_scripts/run_phaseU26A5_finalize_GSE280297_input_resolution.sh	phaseU26A5_finalize_GSE280297_input_resolution	Decision: $PROJECT_ROOT/06_tables/$TAG/UTI_HostOmics_U26A5_phase_decision.tsv		False
project://10_scripts/phaseU26A_expanded_endocrine_metabolic_immune_feasibility_audit.py	phaseU26A_expanded_endocrine_metabolic_immune_feasibility_audit	.features.tsv		False
project://10_scripts/phaseU26A_expanded_endocrine_metabolic_immune_feasibility_audit.py	phaseU26A_expanded_endocrine_metabolic_immune_feasibility_audit	.features.tsv.gz		False
project://10_scripts/phaseU26A_expanded_endocrine_metabolic_immune_feasibility_audit.py	phaseU26A_expanded_endocrine_metabolic_immune_feasibility_audit	UTI_HostOmics_U26A_axis_feasibility_summary.tsv		False
project://10_scripts/phaseU26A_expanded_endocrine_metabolic_immune_feasibility_audit.py	phaseU26A_expanded_endocrine_metabolic_immune_feasibility_audit	UTI_HostOmics_U26A_composite_index_blueprints.tsv		False
project://10_scripts/phaseU26A_expanded_endocrine_metabolic_immune_feasibility_audit.py	phaseU26A_expanded_endocrine_metabolic_immune_feasibility_audit	UTI_HostOmics_U26A_dataset_gene_universe_summary.tsv		False
project://10_scripts/phaseU26A_expanded_endocrine_metabolic_immune_feasibility_audit.py	phaseU26A_expanded_endocrine_metabolic_immune_feasibility_audit	UTI_HostOmics_U26A_dataset_source_inventory.tsv		False
project://10_scripts/phaseU26A_expanded_endocrine_metabolic_immune_feasibility_audit.py	phaseU26A_expanded_endocrine_metabolic_immune_feasibility_audit	UTI_HostOmics_U26A_expanded_submodule_library.tsv		False
project://10_scripts/phaseU26A_expanded_endocrine_metabolic_immune_feasibility_audit.py	phaseU26A_expanded_endocrine_metabolic_immune_feasibility_audit	UTI_HostOmics_U26A_feasible_contrast_map.tsv		False
project://10_scripts/phaseU26A_expanded_endocrine_metabolic_immune_feasibility_audit.py	phaseU26A_expanded_endocrine_metabolic_immune_feasibility_audit	UTI_HostOmics_U26A_high_impact_research_question_ranking.tsv		False
project://10_scripts/phaseU26A_expanded_endocrine_metabolic_immune_feasibility_audit.py	phaseU26A_expanded_endocrine_metabolic_immune_feasibility_audit	UTI_HostOmics_U26A_submodule_coverage_by_dataset.tsv		False
project://10_scripts/phaseU26A_expanded_endocrine_metabolic_immune_feasibility_audit.py	phaseU26A_expanded_endocrine_metabolic_immune_feasibility_audit	UTI_HostOmics_U26A_submodule_figure_priority.tsv		False
project://10_scripts/phaseU26A_expanded_endocrine_metabolic_immune_feasibility_audit.py	phaseU26A_expanded_endocrine_metabolic_immune_feasibility_audit	UTI_HostOmics_U26A_unresolved_input_items.tsv		False
project://10_scripts/phaseU26A_expanded_endocrine_metabolic_immune_feasibility_audit.py	phaseU26A_expanded_endocrine_metabolic_immune_feasibility_audit	_temporary_ensembl_ids.txt		False
project://10_scripts/phaseU26A_expanded_endocrine_metabolic_immune_feasibility_audit.py	phaseU26A_expanded_endocrine_metabolic_immune_feasibility_audit	_temporary_ensembl_map.tsv		False
project://10_scripts/phaseU26A_expanded_endocrine_metabolic_immune_feasibility_audit.py	phaseU26A_expanded_endocrine_metabolic_immune_feasibility_audit	features.tsv		False
project://10_scripts/phaseU26A_expanded_endocrine_metabolic_immune_feasibility_audit.py	phaseU26A_expanded_endocrine_metabolic_immune_feasibility_audit	features.tsv.gz		False
project://10_scripts/phaseU26A_expanded_endocrine_metabolic_immune_feasibility_audit.py	phaseU26A_expanded_endocrine_metabolic_immune_feasibility_audit	genes.tsv		False
project://10_scripts/phaseU26A_expanded_endocrine_metabolic_immune_feasibility_audit.py	phaseU26A_expanded_endocrine_metabolic_immune_feasibility_audit	genes.tsv.gz		False
project://10_scripts/phaseU26A_expanded_endocrine_metabolic_immune_feasibility_audit.py	phaseU26A_expanded_endocrine_metabolic_immune_feasibility_audit	{dataset_id}_U26A_detected_gene_universe.txt		False
project://10_scripts/run_phaseU26A_expanded_endocrine_metabolic_immune_feasibility_audit.sh	phaseU26A_expanded_endocrine_metabolic_immune_feasibility_audit	Contrast map: $PROJECT_ROOT/06_tables/phaseU26A_expanded_endocrine_metabolic_immune_feasibility/UTI_HostOmics_U26A_feasible_contrast_map.tsv		False
project://10_scripts/run_phaseU26A_expanded_endocrine_metabolic_immune_feasibility_audit.sh	phaseU26A_expanded_endocrine_metabolic_immune_feasibility_audit	Coverage: $PROJECT_ROOT/06_tables/phaseU26A_expanded_endocrine_metabolic_immune_feasibility/UTI_HostOmics_U26A_submodule_coverage_by_dataset.tsv		False
project://10_scripts/phaseU26B1_1_refine_GSE280297_stability.py	phaseU26B1_1_refine_GSE280297_stability	GSE280297_U26B1_1_axis_scores.tsv.gz		False
project://10_scripts/phaseU26B1_1_refine_GSE280297_stability.py	phaseU26B1_1_refine_GSE280297_stability	GSE280297_U26B1_tissue_centered_submodule_scores.tsv.gz		False
project://10_scripts/phaseU26B1_1_refine_GSE280297_stability.py	phaseU26B1_1_refine_GSE280297_stability	UTI_HostOmics_U26B1_1_axis_permutation_results.tsv		False
project://10_scripts/phaseU26B1_1_refine_GSE280297_stability.py	phaseU26B1_1_refine_GSE280297_stability	UTI_HostOmics_U26B1_1_axis_score_definitions.tsv		False
project://10_scripts/phaseU26B1_1_refine_GSE280297_stability.py	phaseU26B1_1_refine_GSE280297_stability	UTI_HostOmics_U26B1_1_cross_tissue_directional_coherence.tsv		False
project://10_scripts/phaseU26B1_1_refine_GSE280297_stability.py	phaseU26B1_1_refine_GSE280297_stability	UTI_HostOmics_U26B1_1_large_primary_effects.tsv		False
project://10_scripts/phaseU26B1_1_refine_GSE280297_stability.py	phaseU26B1_1_refine_GSE280297_stability	UTI_HostOmics_U26B1_1_phase_decision.tsv		False
project://10_scripts/phaseU26B1_1_refine_GSE280297_stability.py	phaseU26B1_1_refine_GSE280297_stability	UTI_HostOmics_U26B1_1_primary_figure_candidate_ranking.tsv		False
project://10_scripts/phaseU26B1_1_refine_GSE280297_stability.py	phaseU26B1_1_refine_GSE280297_stability	UTI_HostOmics_U26B1_1_primary_results.tsv		False
project://10_scripts/phaseU26B1_1_refine_GSE280297_stability.py	phaseU26B1_1_refine_GSE280297_stability	UTI_HostOmics_U26B1_1_refined_all_results.tsv		False
project://10_scripts/phaseU26B1_1_refine_GSE280297_stability.py	phaseU26B1_1_refine_GSE280297_stability	UTI_HostOmics_U26B1_1_secondary_exploratory_results.tsv		False
project://10_scripts/phaseU26B1_1_refine_GSE280297_stability.py	phaseU26B1_1_refine_GSE280297_stability	UTI_HostOmics_U26B1_1_{family}_primary_effect_matrix.tsv		False
project://10_scripts/phaseU26B1_1_refine_GSE280297_stability.py	phaseU26B1_1_refine_GSE280297_stability	UTI_HostOmics_U26B1_all_contrast_results.tsv		False
project://10_scripts/phaseU26B1_1_refine_GSE280297_stability.py	phaseU26B1_1_refine_GSE280297_stability	UTI_HostOmics_U26B1_feature_metadata.tsv		False
project://10_scripts/run_phaseU26B1_1_refine_GSE280297_stability.sh	phaseU26B1_1_refine_GSE280297_stability	Decision: $PROJECT_ROOT/06_tables/$TAG/UTI_HostOmics_U26B1_1_phase_decision.tsv		False
project://10_scripts/phaseU26B1_score_GSE280297_endocrine_metabolic_immune_submodules.py	phaseU26B1_score_GSE280297_endocrine_metabolic_immune_submodules	GSE280297_U26A5_canonical_60sample_gene_symbol_expression.tsv.gz		False
project://10_scripts/phaseU26B1_score_GSE280297_endocrine_metabolic_immune_submodules.py	phaseU26B1_score_GSE280297_endocrine_metabolic_immune_submodules	GSE280297_U26A5_validated_60sample_design.tsv		False
project://10_scripts/phaseU26B1_score_GSE280297_endocrine_metabolic_immune_submodules.py	phaseU26B1_score_GSE280297_endocrine_metabolic_immune_submodules	GSE280297_U26B1_global_submodule_scores.tsv.gz		False
project://10_scripts/phaseU26B1_score_GSE280297_endocrine_metabolic_immune_submodules.py	phaseU26B1_score_GSE280297_endocrine_metabolic_immune_submodules	GSE280297_U26B1_tissue_centered_submodule_scores.tsv.gz		False
project://10_scripts/phaseU26B1_score_GSE280297_endocrine_metabolic_immune_submodules.py	phaseU26B1_score_GSE280297_endocrine_metabolic_immune_submodules	UTI_HostOmics_U26A_expanded_submodule_library.tsv		False
project://10_scripts/phaseU26B1_score_GSE280297_endocrine_metabolic_immune_submodules.py	phaseU26B1_score_GSE280297_endocrine_metabolic_immune_submodules	UTI_HostOmics_U26B1_FDR10_results.tsv		False
project://10_scripts/phaseU26B1_score_GSE280297_endocrine_metabolic_immune_submodules.py	phaseU26B1_score_GSE280297_endocrine_metabolic_immune_submodules	UTI_HostOmics_U26B1_GSE280297_submodule_coverage.tsv		False
project://10_scripts/phaseU26B1_score_GSE280297_endocrine_metabolic_immune_submodules.py	phaseU26B1_score_GSE280297_endocrine_metabolic_immune_submodules	UTI_HostOmics_U26B1_all_contrast_results.tsv		False
project://10_scripts/phaseU26B1_score_GSE280297_endocrine_metabolic_immune_submodules.py	phaseU26B1_score_GSE280297_endocrine_metabolic_immune_submodules	UTI_HostOmics_U26B1_axis_contrast_summary.tsv		False
project://10_scripts/phaseU26B1_score_GSE280297_endocrine_metabolic_immune_submodules.py	phaseU26B1_score_GSE280297_endocrine_metabolic_immune_submodules	UTI_HostOmics_U26B1_composite_effect_size_matrix.tsv		False
project://10_scripts/phaseU26B1_score_GSE280297_endocrine_metabolic_immune_submodules.py	phaseU26B1_score_GSE280297_endocrine_metabolic_immune_submodules	UTI_HostOmics_U26B1_composite_index_blueprints.tsv		False
project://10_scripts/phaseU26B1_score_GSE280297_endocrine_metabolic_immune_submodules.py	phaseU26B1_score_GSE280297_endocrine_metabolic_immune_submodules	UTI_HostOmics_U26B1_composite_index_contrasts.tsv		False
project://10_scripts/phaseU26B1_score_GSE280297_endocrine_metabolic_immune_submodules.py	phaseU26B1_score_GSE280297_endocrine_metabolic_immune_submodules	UTI_HostOmics_U26B1_effect_size_matrix.tsv		False
project://10_scripts/phaseU26B1_score_GSE280297_endocrine_metabolic_immune_submodules.py	phaseU26B1_score_GSE280297_endocrine_metabolic_immune_submodules	UTI_HostOmics_U26B1_feature_metadata.tsv		False
project://10_scripts/phaseU26B1_score_GSE280297_endocrine_metabolic_immune_submodules.py	phaseU26B1_score_GSE280297_endocrine_metabolic_immune_submodules	UTI_HostOmics_U26B1_figure_candidate_ranking.tsv		False
project://10_scripts/phaseU26B1_score_GSE280297_endocrine_metabolic_immune_submodules.py	phaseU26B1_score_GSE280297_endocrine_metabolic_immune_submodules	UTI_HostOmics_U26B1_phase_decision.tsv		False
project://10_scripts/phaseU26B1_score_GSE280297_endocrine_metabolic_immune_submodules.py	phaseU26B1_score_GSE280297_endocrine_metabolic_immune_submodules	UTI_HostOmics_U26B1_{figure_family}_effect_size_matrix.tsv		False
project://10_scripts/run_phaseU26B1_score_GSE280297_endocrine_metabolic_immune_submodules.sh	phaseU26B1_score_GSE280297_endocrine_metabolic_immune_submodules	Decision: $PROJECT_ROOT/06_tables/$TAG/UTI_HostOmics_U26B1_phase_decision.tsv		False
project://10_scripts/phaseU26B2A1_repair_cross_dataset_inputs.py	phaseU26B2A1_repair_cross_dataset_inputs	GSE112098_series_matrix_repaired_gene_symbol_matrix.tsv.gz		False
project://10_scripts/phaseU26B2A1_repair_cross_dataset_inputs.py	phaseU26B2A1_repair_cross_dataset_inputs	GSE186800_repaired_gene_symbol_matrix.tsv.gz		False
project://10_scripts/phaseU26B2A1_repair_cross_dataset_inputs.py	phaseU26B2A1_repair_cross_dataset_inputs	GSE252321_U26B2A1_sample_level_pseudobulk_design.tsv		False
project://10_scripts/phaseU26B2A1_repair_cross_dataset_inputs.py	phaseU26B2A1_repair_cross_dataset_inputs	GSE252321_U26B2A1_sample_level_pseudobulk_expression.tsv.gz		False
project://10_scripts/phaseU26B2A1_repair_cross_dataset_inputs.py	phaseU26B2A1_repair_cross_dataset_inputs	UTI_HostOmics_U26B2A1_GSE252321_complete_inventory.tsv		False
project://10_scripts/phaseU26B2A1_repair_cross_dataset_inputs.py	phaseU26B2A1_repair_cross_dataset_inputs	UTI_HostOmics_U26B2A1_GSE252321_flat_matrix_audit.tsv		False
project://10_scripts/phaseU26B2A1_repair_cross_dataset_inputs.py	phaseU26B2A1_repair_cross_dataset_inputs	UTI_HostOmics_U26B2A1_bulk_dataset_readiness.tsv		False
project://10_scripts/phaseU26B2A1_repair_cross_dataset_inputs.py	phaseU26B2A1_repair_cross_dataset_inputs	UTI_HostOmics_U26B2A1_phase_decision.tsv		False
project://10_scripts/phaseU26B2A1_repair_cross_dataset_inputs.py	phaseU26B2A1_repair_cross_dataset_inputs	UTI_HostOmics_U26B2A1_selected_bulk_sources.tsv		False
project://10_scripts/phaseU26B2A1_repair_cross_dataset_inputs.py	phaseU26B2A1_repair_cross_dataset_inputs	UTI_HostOmics_U26B2A1_{accession}_annotation_candidate_audit.tsv		False
project://10_scripts/phaseU26B2A1_repair_cross_dataset_inputs.py	phaseU26B2A1_repair_cross_dataset_inputs	UTI_HostOmics_U26B2A1_{accession}_annotation_qc.tsv		False
project://10_scripts/phaseU26B2A1_repair_cross_dataset_inputs.py	phaseU26B2A1_repair_cross_dataset_inputs	UTI_HostOmics_U26B2A1_{accession}_design_value_summary.tsv		False
project://10_scripts/phaseU26B2A1_repair_cross_dataset_inputs.py	phaseU26B2A1_repair_cross_dataset_inputs	UTI_HostOmics_U26B2A1_{accession}_matrix_qc.tsv		False
project://10_scripts/phaseU26B2A1_repair_cross_dataset_inputs.py	phaseU26B2A1_repair_cross_dataset_inputs	{accession}_U26B2A1_canonical_gene_symbol_expression.tsv.gz		False
project://10_scripts/phaseU26B2A1_repair_cross_dataset_inputs.py	phaseU26B2A1_repair_cross_dataset_inputs	{accession}_U26B2A1_validated_sample_design.tsv		False
project://10_scripts/run_phaseU26B2A1_repair_cross_dataset_inputs.sh	phaseU26B2A1_repair_cross_dataset_inputs	Decision: $PROJECT_ROOT/06_tables/$TAG/UTI_HostOmics_U26B2A1_phase_decision.tsv		False
project://10_scripts/phaseU26B2A_prepare_cross_dataset_inputs.py	phaseU26B2A_prepare_cross_dataset_inputs	UTI_HostOmics_U26B1_1_primary_results.tsv		False
project://10_scripts/phaseU26B2A_prepare_cross_dataset_inputs.py	phaseU26B2A_prepare_cross_dataset_inputs	UTI_HostOmics_U26B2A_GSE252321_h5ad_candidate_audit.tsv		False
project://10_scripts/phaseU26B2A_prepare_cross_dataset_inputs.py	phaseU26B2A_prepare_cross_dataset_inputs	UTI_HostOmics_U26B2A_GSE252321_other_object_inventory.tsv		False
project://10_scripts/phaseU26B2A_prepare_cross_dataset_inputs.py	phaseU26B2A_prepare_cross_dataset_inputs	UTI_HostOmics_U26B2A_GSE280297_family_FDR10_hits.tsv		False
project://10_scripts/phaseU26B2A_prepare_cross_dataset_inputs.py	phaseU26B2A_prepare_cross_dataset_inputs	UTI_HostOmics_U26B2A_bulk_dataset_readiness.tsv		False
project://10_scripts/phaseU26B2A_prepare_cross_dataset_inputs.py	phaseU26B2A_prepare_cross_dataset_inputs	UTI_HostOmics_U26B2A_phase_decision.tsv		False
project://10_scripts/phaseU26B2A_prepare_cross_dataset_inputs.py	phaseU26B2A_prepare_cross_dataset_inputs	UTI_HostOmics_U26B2A_selected_bulk_sources.tsv		False
project://10_scripts/phaseU26B2A_prepare_cross_dataset_inputs.py	phaseU26B2A_prepare_cross_dataset_inputs	UTI_HostOmics_U26B2A_single_cell_readiness.tsv		False
project://10_scripts/phaseU26B2A_prepare_cross_dataset_inputs.py	phaseU26B2A_prepare_cross_dataset_inputs	UTI_HostOmics_U26B2A_{accession}_annotation_candidate_audit.tsv		False
project://10_scripts/phaseU26B2A_prepare_cross_dataset_inputs.py	phaseU26B2A_prepare_cross_dataset_inputs	UTI_HostOmics_U26B2A_{accession}_annotation_qc.tsv		False
project://10_scripts/phaseU26B2A_prepare_cross_dataset_inputs.py	phaseU26B2A_prepare_cross_dataset_inputs	UTI_HostOmics_U26B2A_{accession}_design_value_summary.tsv		False
project://10_scripts/phaseU26B2A_prepare_cross_dataset_inputs.py	phaseU26B2A_prepare_cross_dataset_inputs	UTI_HostOmics_U26B2A_{accession}_matrix_candidate_audit.tsv		False
project://10_scripts/phaseU26B2A_prepare_cross_dataset_inputs.py	phaseU26B2A_prepare_cross_dataset_inputs	UTI_HostOmics_U26B2A_{accession}_matrix_qc.tsv		False
project://10_scripts/phaseU26B2A_prepare_cross_dataset_inputs.py	phaseU26B2A_prepare_cross_dataset_inputs	{accession}_U26B2A_canonical_gene_symbol_expression.tsv.gz		False
project://10_scripts/phaseU26B2A_prepare_cross_dataset_inputs.py	phaseU26B2A_prepare_cross_dataset_inputs	{accession}_U26B2A_validated_sample_design.tsv		False
project://10_scripts/run_phaseU26B2A_prepare_cross_dataset_inputs.sh	phaseU26B2A_prepare_cross_dataset_inputs	Decision: $PROJECT_ROOT/06_tables/$TAG/UTI_HostOmics_U26B2A_phase_decision.tsv		False
project://10_scripts/phaseU26B2B1_collapse_independent_dataset_evidence.py	phaseU26B2B1_collapse_independent_dataset_evidence	UTI_HostOmics_U26B2B1_Figures_7_to_11_panel_plan.tsv		False
project://10_scripts/phaseU26B2B1_collapse_independent_dataset_evidence.py	phaseU26B2B1_collapse_independent_dataset_evidence	UTI_HostOmics_U26B2B1_GSE186800_FDR10_noninfection_effects.tsv		False
project://10_scripts/phaseU26B2B1_collapse_independent_dataset_evidence.py	phaseU26B2B1_collapse_independent_dataset_evidence	UTI_HostOmics_U26B2B1_GSE186800_block_interaction_effects.tsv		False
project://10_scripts/phaseU26B2B1_collapse_independent_dataset_evidence.py	phaseU26B2B1_collapse_independent_dataset_evidence	UTI_HostOmics_U26B2B1_GSE280297_UPEC_tissue_heterogeneity.tsv		False
project://10_scripts/phaseU26B2B1_collapse_independent_dataset_evidence.py	phaseU26B2B1_collapse_independent_dataset_evidence	UTI_HostOmics_U26B2B1_GSE280297_preterm_term_collapsed.tsv		False
project://10_scripts/phaseU26B2B1_collapse_independent_dataset_evidence.py	phaseU26B2B1_collapse_independent_dataset_evidence	UTI_HostOmics_U26B2B1_GSE280297_preterm_term_tissue_effects.tsv		False
project://10_scripts/phaseU26B2B1_collapse_independent_dataset_evidence.py	phaseU26B2B1_collapse_independent_dataset_evidence	UTI_HostOmics_U26B2B1_figure_family_rankings.tsv		False
project://10_scripts/phaseU26B2B1_collapse_independent_dataset_evidence.py	phaseU26B2B1_collapse_independent_dataset_evidence	UTI_HostOmics_U26B2B1_independent_dataset_effect_matrix.tsv		False
project://10_scripts/phaseU26B2B1_collapse_independent_dataset_evidence.py	phaseU26B2B1_collapse_independent_dataset_evidence	UTI_HostOmics_U26B2B1_independent_dataset_recurrence_ranking.tsv		False
project://10_scripts/phaseU26B2B1_collapse_independent_dataset_evidence.py	phaseU26B2B1_collapse_independent_dataset_evidence	UTI_HostOmics_U26B2B1_phase_decision.tsv		False
project://10_scripts/phaseU26B2B1_collapse_independent_dataset_evidence.py	phaseU26B2B1_collapse_independent_dataset_evidence	UTI_HostOmics_U26B2B1_primary_independent_dataset_effects.tsv		False
project://10_scripts/phaseU26B2B1_collapse_independent_dataset_evidence.py	phaseU26B2B1_collapse_independent_dataset_evidence	UTI_HostOmics_U26B2B1_validation_class_summary.tsv		False
project://10_scripts/phaseU26B2B1_collapse_independent_dataset_evidence.py	phaseU26B2B1_collapse_independent_dataset_evidence	UTI_HostOmics_U26B2B_harmonized_effect_evidence.tsv		False
project://10_scripts/run_phaseU26B2B1_collapse_independent_dataset_evidence.sh	phaseU26B2B1_collapse_independent_dataset_evidence	Decision: $PROJECT_ROOT/06_tables/$TAG/UTI_HostOmics_U26B2B1_phase_decision.tsv		False
project://10_scripts/phaseU26B2B_score_and_integrate_cross_datasets.py	phaseU26B2B_score_and_integrate_cross_datasets	GSE112098_U26B2A1_canonical_gene_symbol_expression.tsv.gz		False
project://10_scripts/phaseU26B2B_score_and_integrate_cross_datasets.py	phaseU26B2B_score_and_integrate_cross_datasets	GSE112098_U26B2A1_validated_sample_design.tsv		False
project://10_scripts/phaseU26B2B_score_and_integrate_cross_datasets.py	phaseU26B2B_score_and_integrate_cross_datasets	GSE112098_U26B2B_resolved_scoring_design.tsv		False
project://10_scripts/phaseU26B2B_score_and_integrate_cross_datasets.py	phaseU26B2B_score_and_integrate_cross_datasets	GSE112098_U26B2B_submodule_scores.tsv.gz		False
project://10_scripts/phaseU26B2B_score_and_integrate_cross_datasets.py	phaseU26B2B_score_and_integrate_cross_datasets	GSE186800_U26B2A1_canonical_gene_symbol_expression.tsv.gz		False
project://10_scripts/phaseU26B2B_score_and_integrate_cross_datasets.py	phaseU26B2B_score_and_integrate_cross_datasets	GSE186800_U26B2A1_validated_sample_design.tsv		False
project://10_scripts/phaseU26B2B_score_and_integrate_cross_datasets.py	phaseU26B2B_score_and_integrate_cross_datasets	GSE186800_U26B2B_submodule_scores.tsv.gz		False
project://10_scripts/phaseU26B2B_score_and_integrate_cross_datasets.py	phaseU26B2B_score_and_integrate_cross_datasets	GSE252321_U26B2A1_sample_level_pseudobulk_design.tsv		False
project://10_scripts/phaseU26B2B_score_and_integrate_cross_datasets.py	phaseU26B2B_score_and_integrate_cross_datasets	GSE252321_U26B2A1_sample_level_pseudobulk_expression.tsv.gz		False
project://10_scripts/phaseU26B2B_score_and_integrate_cross_datasets.py	phaseU26B2B_score_and_integrate_cross_datasets	GSE252321_U26B2B_sample_pseudobulk_scores.tsv.gz		False
project://10_scripts/phaseU26B2B_score_and_integrate_cross_datasets.py	phaseU26B2B_score_and_integrate_cross_datasets	UTI_HostOmics_U26A_expanded_submodule_library.tsv		False
project://10_scripts/phaseU26B2B_score_and_integrate_cross_datasets.py	phaseU26B2B_score_and_integrate_cross_datasets	UTI_HostOmics_U26B1_1_primary_results.tsv		False
project://10_scripts/phaseU26B2B_score_and_integrate_cross_datasets.py	phaseU26B2B_score_and_integrate_cross_datasets	UTI_HostOmics_U26B2B_GSE112098_age_sex_adjusted_results.tsv		False
project://10_scripts/phaseU26B2B_score_and_integrate_cross_datasets.py	phaseU26B2B_score_and_integrate_cross_datasets	UTI_HostOmics_U26B2B_GSE112098_coverage.tsv		False
project://10_scripts/phaseU26B2B_score_and_integrate_cross_datasets.py	phaseU26B2B_score_and_integrate_cross_datasets	UTI_HostOmics_U26B2B_GSE112098_group_mapping_audit.tsv		False
project://10_scripts/phaseU26B2B_score_and_integrate_cross_datasets.py	phaseU26B2B_score_and_integrate_cross_datasets	UTI_HostOmics_U26B2B_GSE112098_unadjusted_results.tsv		False
project://10_scripts/phaseU26B2B_score_and_integrate_cross_datasets.py	phaseU26B2B_score_and_integrate_cross_datasets	UTI_HostOmics_U26B2B_GSE186800_coverage.tsv		False
project://10_scripts/phaseU26B2B_score_and_integrate_cross_datasets.py	phaseU26B2B_score_and_integrate_cross_datasets	UTI_HostOmics_U26B2B_GSE186800_factorial_results.tsv		False
project://10_scripts/phaseU26B2B_score_and_integrate_cross_datasets.py	phaseU26B2B_score_and_integrate_cross_datasets	UTI_HostOmics_U26B2B_GSE186800_pairwise_results.tsv		False
project://10_scripts/phaseU26B2B_score_and_integrate_cross_datasets.py	phaseU26B2B_score_and_integrate_cross_datasets	UTI_HostOmics_U26B2B_GSE252321_coverage.tsv		False
project://10_scripts/phaseU26B2B_score_and_integrate_cross_datasets.py	phaseU26B2B_score_and_integrate_cross_datasets	UTI_HostOmics_U26B2B_GSE252321_sample_pseudobulk_results.tsv		False
project://10_scripts/phaseU26B2B_score_and_integrate_cross_datasets.py	phaseU26B2B_score_and_integrate_cross_datasets	UTI_HostOmics_U26B2B_composite_index_blueprints.tsv		False
project://10_scripts/phaseU26B2B_score_and_integrate_cross_datasets.py	phaseU26B2B_score_and_integrate_cross_datasets	UTI_HostOmics_U26B2B_cross_dataset_recurrence_ranking.tsv		False
project://10_scripts/phaseU26B2B_score_and_integrate_cross_datasets.py	phaseU26B2B_score_and_integrate_cross_datasets	UTI_HostOmics_U26B2B_effect_matrix.tsv		False
project://10_scripts/phaseU26B2B_score_and_integrate_cross_datasets.py	phaseU26B2B_score_and_integrate_cross_datasets	UTI_HostOmics_U26B2B_feature_metadata.tsv		False
project://10_scripts/phaseU26B2B_score_and_integrate_cross_datasets.py	phaseU26B2B_score_and_integrate_cross_datasets	UTI_HostOmics_U26B2B_harmonized_effect_evidence.tsv		False
project://10_scripts/phaseU26B2B_score_and_integrate_cross_datasets.py	phaseU26B2B_score_and_integrate_cross_datasets	UTI_HostOmics_U26B2B_phase_decision.tsv		False
project://10_scripts/run_phaseU26B2B_score_and_integrate_cross_datasets.sh	phaseU26B2B_score_and_integrate_cross_datasets	Decision: $PROJECT_ROOT/06_tables/$TAG/UTI_HostOmics_U26B2B_phase_decision.tsv		False
project://10_scripts/phaseU26C1_refine_interpretation.py	phaseU26C1_refine_interpretation	UTI_HostOmics_U26C1_interpretation_correction_log.tsv		False
project://10_scripts/phaseU26C1_refine_interpretation.py	phaseU26C1_refine_interpretation	UTI_HostOmics_U26C1_phase_decision.tsv		False
project://10_scripts/phaseU26C1_refine_interpretation.py	phaseU26C1_refine_interpretation	UTI_HostOmics_U26C1_refined_Figure_11_architecture.tsv		False
project://10_scripts/phaseU26C1_refine_interpretation.py	phaseU26C1_refine_interpretation	UTI_HostOmics_U26C1_refined_core_and_secondary_modules.tsv		False
project://10_scripts/phaseU26C1_refine_interpretation.py	phaseU26C1_refine_interpretation	UTI_HostOmics_U26C1_refined_decoupling_domains.tsv		False
project://10_scripts/phaseU26C1_refine_interpretation.py	phaseU26C1_refine_interpretation	UTI_HostOmics_U26C_core_and_secondary_modules.tsv		False
project://10_scripts/phaseU26C1_refine_interpretation.py	phaseU26C1_refine_interpretation	UTI_HostOmics_U26C_decoupling_domain_summary.tsv		False
project://10_scripts/run_phaseU26C1_refine_interpretation.sh	phaseU26C1_refine_interpretation	Decision: $PROJECT_ROOT/06_tables/$TAG/UTI_HostOmics_U26C1_phase_decision.tsv		False
project://10_scripts/phaseU26C_build_biological_synthesis.py	phaseU26C_build_biological_synthesis	UTI_HostOmics_U26B2B1_Figures_7_to_11_panel_plan.tsv		False
project://10_scripts/phaseU26C_build_biological_synthesis.py	phaseU26C_build_biological_synthesis	UTI_HostOmics_U26B2B1_GSE280297_preterm_term_collapsed.tsv		False
project://10_scripts/phaseU26C_build_biological_synthesis.py	phaseU26C_build_biological_synthesis	UTI_HostOmics_U26B2B1_independent_dataset_recurrence_ranking.tsv		False
project://10_scripts/phaseU26C_build_biological_synthesis.py	phaseU26C_build_biological_synthesis	UTI_HostOmics_U26B2B1_primary_independent_dataset_effects.tsv		False
project://10_scripts/phaseU26C_build_biological_synthesis.py	phaseU26C_build_biological_synthesis	UTI_HostOmics_U26C_Figures_7_to_11_panel_evidence.tsv		False
project://10_scripts/phaseU26C_build_biological_synthesis.py	phaseU26C_build_biological_synthesis	UTI_HostOmics_U26C_claim_boundary_matrix.tsv		False
project://10_scripts/phaseU26C_build_biological_synthesis.py	phaseU26C_build_biological_synthesis	UTI_HostOmics_U26C_context_divergent_modules.tsv		False
project://10_scripts/phaseU26C_build_biological_synthesis.py	phaseU26C_build_biological_synthesis	UTI_HostOmics_U26C_core_and_secondary_modules.tsv		False
project://10_scripts/phaseU26C_build_biological_synthesis.py	phaseU26C_build_biological_synthesis	UTI_HostOmics_U26C_decoupling_domain_summary.tsv		False
project://10_scripts/phaseU26C_build_biological_synthesis.py	phaseU26C_build_biological_synthesis	UTI_HostOmics_U26C_evidence_tier_dictionary.tsv		False
project://10_scripts/phaseU26C_build_biological_synthesis.py	phaseU26C_build_biological_synthesis	UTI_HostOmics_U26C_integrated_network_edges.tsv		False
project://10_scripts/phaseU26C_build_biological_synthesis.py	phaseU26C_build_biological_synthesis	UTI_HostOmics_U26C_integrated_network_nodes.tsv		False
project://10_scripts/phaseU26C_build_biological_synthesis.py	phaseU26C_build_biological_synthesis	UTI_HostOmics_U26C_phase_decision.tsv		False
project://10_scripts/phaseU26C_build_biological_synthesis.py	phaseU26C_build_biological_synthesis	UTI_HostOmics_U26C_pregnancy_synthesis_response_decoupling.tsv		False
project://10_scripts/phaseU26C_build_biological_synthesis.py	phaseU26C_build_biological_synthesis	UTI_HostOmics_U26C_{fam}_panel_evidence.tsv		False
project://10_scripts/run_phaseU26C_build_biological_synthesis.sh	phaseU26C_build_biological_synthesis	Decision: $PROJECT_ROOT/06_tables/$TAG/UTI_HostOmics_U26C_phase_decision.tsv		False
project://10_scripts/phaseU26D1A_validate_convert_GSE252321_flat_matrices.py	phaseU26D1A_validate_convert_GSE252321_flat_matrices	GSM7999426_Control_1_matrix.tsv.gz		False
project://10_scripts/phaseU26D1A_validate_convert_GSE252321_flat_matrices.py	phaseU26D1A_validate_convert_GSE252321_flat_matrices	GSM7999427_Control_2_matrix.tsv.gz		False
project://10_scripts/phaseU26D1A_validate_convert_GSE252321_flat_matrices.py	phaseU26D1A_validate_convert_GSE252321_flat_matrices	GSM7999428_UPEC_1_matrix.tsv.gz		False
project://10_scripts/phaseU26D1A_validate_convert_GSE252321_flat_matrices.py	phaseU26D1A_validate_convert_GSE252321_flat_matrices	GSM7999429_UPEC_2_matrix.tsv.gz		False
project://10_scripts/phaseU26D1A_validate_convert_GSE252321_flat_matrices.py	phaseU26D1A_validate_convert_GSE252321_flat_matrices	UTI_HostOmics_U26D1A_combined_cell_metadata.tsv.gz		False
project://10_scripts/phaseU26D1A_validate_convert_GSE252321_flat_matrices.py	phaseU26D1A_validate_convert_GSE252321_flat_matrices	UTI_HostOmics_U26D1A_flat_matrix_QC.tsv		False
project://10_scripts/phaseU26D1A_validate_convert_GSE252321_flat_matrices.py	phaseU26D1A_validate_convert_GSE252321_flat_matrices	UTI_HostOmics_U26D1A_phase_decision.tsv		False
project://10_scripts/phaseU26D1A_validate_convert_GSE252321_flat_matrices.py	phaseU26D1A_validate_convert_GSE252321_flat_matrices	UTI_HostOmics_U26D1A_raw_archive_members.tsv		False
project://10_scripts/phaseU26D1A_validate_convert_GSE252321_flat_matrices.py	phaseU26D1A_validate_convert_GSE252321_flat_matrices	UTI_HostOmics_U26D1A_sparse_matrix_manifest.tsv		False
project://10_scripts/phaseU26D1A_validate_convert_GSE252321_flat_matrices.py	phaseU26D1A_validate_convert_GSE252321_flat_matrices	{sample_id}_cells.tsv.gz		False
project://10_scripts/phaseU26D1A_validate_convert_GSE252321_flat_matrices.py	phaseU26D1A_validate_convert_GSE252321_flat_matrices	{sample_id}_genes.tsv		False
project://10_scripts/run_phaseU26D1A_validate_convert_GSE252321_flat_matrices.sh	phaseU26D1A_validate_convert_GSE252321_flat_matrices	Decision: $PROJECT_ROOT/06_tables/$TAG/UTI_HostOmics_U26D1A_phase_decision.tsv		False
project://10_scripts/phaseU26D1A_validate_convert_GSE252321_flat_matrices_v1_1.py	phaseU26D1A_validate_convert_GSE252321_flat_matrices_v1_1	GSM7999426_Control_1_matrix.tsv.gz		False
project://10_scripts/phaseU26D1A_validate_convert_GSE252321_flat_matrices_v1_1.py	phaseU26D1A_validate_convert_GSE252321_flat_matrices_v1_1	GSM7999427_Control_2_matrix.tsv.gz		False
project://10_scripts/phaseU26D1A_validate_convert_GSE252321_flat_matrices_v1_1.py	phaseU26D1A_validate_convert_GSE252321_flat_matrices_v1_1	GSM7999428_UPEC_1_matrix.tsv.gz		False
project://10_scripts/phaseU26D1A_validate_convert_GSE252321_flat_matrices_v1_1.py	phaseU26D1A_validate_convert_GSE252321_flat_matrices_v1_1	GSM7999429_UPEC_2_matrix.tsv.gz		False
project://10_scripts/phaseU26D1A_validate_convert_GSE252321_flat_matrices_v1_1.py	phaseU26D1A_validate_convert_GSE252321_flat_matrices_v1_1	UTI_HostOmics_U26D1A_combined_cell_metadata.tsv.gz		False
project://10_scripts/phaseU26D1A_validate_convert_GSE252321_flat_matrices_v1_1.py	phaseU26D1A_validate_convert_GSE252321_flat_matrices_v1_1	UTI_HostOmics_U26D1A_flat_matrix_QC.tsv		False
project://10_scripts/phaseU26D1A_validate_convert_GSE252321_flat_matrices_v1_1.py	phaseU26D1A_validate_convert_GSE252321_flat_matrices_v1_1	UTI_HostOmics_U26D1A_phase_decision.tsv		False
project://10_scripts/phaseU26D1A_validate_convert_GSE252321_flat_matrices_v1_1.py	phaseU26D1A_validate_convert_GSE252321_flat_matrices_v1_1	UTI_HostOmics_U26D1A_raw_archive_members.tsv		False
project://10_scripts/phaseU26D1A_validate_convert_GSE252321_flat_matrices_v1_1.py	phaseU26D1A_validate_convert_GSE252321_flat_matrices_v1_1	UTI_HostOmics_U26D1A_sparse_matrix_manifest.tsv		False
project://10_scripts/phaseU26D1A_validate_convert_GSE252321_flat_matrices_v1_1.py	phaseU26D1A_validate_convert_GSE252321_flat_matrices_v1_1	{sample_id}_cells.tsv.gz		False
project://10_scripts/phaseU26D1A_validate_convert_GSE252321_flat_matrices_v1_1.py	phaseU26D1A_validate_convert_GSE252321_flat_matrices_v1_1	{sample_id}_genes.tsv		False
project://10_scripts/run_phaseU26D1A_validate_convert_GSE252321_flat_matrices_v1_1.sh	phaseU26D1A_validate_convert_GSE252321_flat_matrices_v1_1	Decision: $PROJECT_ROOT/06_tables/$TAG/UTI_HostOmics_U26D1A_phase_decision.tsv		False
project://10_scripts/phaseU26D1_audit_GSE252321_singlecell_assets.py	phaseU26D1_audit_GSE252321_singlecell_assets	UTI_HostOmics_U26D1_10x_triplet_audit.tsv		False
project://10_scripts/phaseU26D1_audit_GSE252321_singlecell_assets.py	phaseU26D1_audit_GSE252321_singlecell_assets	UTI_HostOmics_U26D1_candidate_sample_group_mapping.tsv		False
project://10_scripts/phaseU26D1_audit_GSE252321_singlecell_assets.py	phaseU26D1_audit_GSE252321_singlecell_assets	UTI_HostOmics_U26D1_file_inventory.tsv		False
project://10_scripts/phaseU26D1_audit_GSE252321_singlecell_assets.py	phaseU26D1_audit_GSE252321_singlecell_assets	UTI_HostOmics_U26D1_metadata_table_candidates.tsv		False
project://10_scripts/phaseU26D1_audit_GSE252321_singlecell_assets.py	phaseU26D1_audit_GSE252321_singlecell_assets	UTI_HostOmics_U26D1_object_audit.tsv		False
project://10_scripts/phaseU26D1_audit_GSE252321_singlecell_assets.py	phaseU26D1_audit_GSE252321_singlecell_assets	UTI_HostOmics_U26D1_phase_decision.tsv		False
project://10_scripts/run_phaseU26D1_audit_GSE252321_singlecell_assets.sh	phaseU26D1_audit_GSE252321_singlecell_assets	Decision: $PROJECT_ROOT/06_tables/$TAG/UTI_HostOmics_U26D1_phase_decision.tsv		False
project://10_scripts/phaseU26D2A1_refine_GSE252321_annotations.py	phaseU26D2A1_refine_GSE252321_annotations	UTI_HostOmics_U26D1A_sparse_matrix_manifest.tsv		False
project://10_scripts/phaseU26D2A1_refine_GSE252321_annotations.py	phaseU26D2A1_refine_GSE252321_annotations	UTI_HostOmics_U26D2A1_cluster_annotation_refinement.tsv		False
project://10_scripts/phaseU26D2A1_refine_GSE252321_annotations.py	phaseU26D2A1_refine_GSE252321_annotations	UTI_HostOmics_U26D2A1_fixed_targeted_population_summary.tsv		False
project://10_scripts/phaseU26D2A1_refine_GSE252321_annotations.py	phaseU26D2A1_refine_GSE252321_annotations	UTI_HostOmics_U26D2A1_fixed_targeted_populations.png		False
project://10_scripts/phaseU26D2A1_refine_GSE252321_annotations.py	phaseU26D2A1_refine_GSE252321_annotations	UTI_HostOmics_U26D2A1_fixed_thresholds.tsv		False
project://10_scripts/phaseU26D2A1_refine_GSE252321_annotations.py	phaseU26D2A1_refine_GSE252321_annotations	UTI_HostOmics_U26D2A1_phase_decision.tsv		False
project://10_scripts/phaseU26D2A1_refine_GSE252321_annotations.py	phaseU26D2A1_refine_GSE252321_annotations	UTI_HostOmics_U26D2A1_refined_all_QC_cell_annotations.tsv.gz		False
project://10_scripts/phaseU26D2A1_refine_GSE252321_annotations.py	phaseU26D2A1_refine_GSE252321_annotations	UTI_HostOmics_U26D2A1_refined_celltype_composition.png		False
project://10_scripts/phaseU26D2A1_refine_GSE252321_annotations.py	phaseU26D2A1_refine_GSE252321_annotations	UTI_HostOmics_U26D2A1_refined_celltype_sample_presence.tsv		False
project://10_scripts/phaseU26D2A1_refine_GSE252321_annotations.py	phaseU26D2A1_refine_GSE252321_annotations	UTI_HostOmics_U26D2A1_refined_sample_celltype_composition.tsv		False
project://10_scripts/phaseU26D2A1_refine_GSE252321_annotations.py	phaseU26D2A1_refine_GSE252321_annotations	UTI_HostOmics_U26D2A1_sample_subtype_composition.tsv		False
project://10_scripts/phaseU26D2A1_refine_GSE252321_annotations.py	phaseU26D2A1_refine_GSE252321_annotations	UTI_HostOmics_U26D2A_all_QC_cell_annotations.tsv.gz		False
project://10_scripts/phaseU26D2A1_refine_GSE252321_annotations.py	phaseU26D2A1_refine_GSE252321_annotations	UTI_HostOmics_U26D2A_cluster_annotations.tsv		False
project://10_scripts/phaseU26D2A1_refine_GSE252321_annotations.py	phaseU26D2A1_refine_GSE252321_annotations	UTI_HostOmics_U26D2A_cluster_top_markers.tsv		False
project://10_scripts/run_phaseU26D2A1_refine_GSE252321_annotations.sh	phaseU26D2A1_refine_GSE252321_annotations	Decision: $PROJECT_ROOT/06_tables/$TAG/UTI_HostOmics_U26D2A1_phase_decision.tsv		False
project://10_scripts/phaseU26D2A_reconstruct_GSE252321_celltypes.py	phaseU26D2A_reconstruct_GSE252321_celltypes	UTI_HostOmics_U26D1A_sparse_matrix_manifest.tsv		False
project://10_scripts/phaseU26D2A_reconstruct_GSE252321_celltypes.py	phaseU26D2A_reconstruct_GSE252321_celltypes	UTI_HostOmics_U26D2A_all_QC_cell_annotations.tsv.gz		False
project://10_scripts/phaseU26D2A_reconstruct_GSE252321_celltypes.py	phaseU26D2A_reconstruct_GSE252321_celltypes	UTI_HostOmics_U26D2A_balanced_cell_annotations.tsv.gz		False
project://10_scripts/phaseU26D2A_reconstruct_GSE252321_celltypes.py	phaseU26D2A_reconstruct_GSE252321_celltypes	UTI_HostOmics_U26D2A_balanced_celltypes.png		False
project://10_scripts/phaseU26D2A_reconstruct_GSE252321_celltypes.py	phaseU26D2A_reconstruct_GSE252321_celltypes	UTI_HostOmics_U26D2A_balanced_clusters.png		False
project://10_scripts/phaseU26D2A_reconstruct_GSE252321_celltypes.py	phaseU26D2A_reconstruct_GSE252321_celltypes	UTI_HostOmics_U26D2A_celltype_composition.png		False
project://10_scripts/phaseU26D2A_reconstruct_GSE252321_celltypes.py	phaseU26D2A_reconstruct_GSE252321_celltypes	UTI_HostOmics_U26D2A_celltype_sample_presence.tsv		False
project://10_scripts/phaseU26D2A_reconstruct_GSE252321_celltypes.py	phaseU26D2A_reconstruct_GSE252321_celltypes	UTI_HostOmics_U26D2A_cluster_annotations.tsv		False
project://10_scripts/phaseU26D2A_reconstruct_GSE252321_celltypes.py	phaseU26D2A_reconstruct_GSE252321_celltypes	UTI_HostOmics_U26D2A_cluster_marker_panel_scores.tsv		False
project://10_scripts/phaseU26D2A_reconstruct_GSE252321_celltypes.py	phaseU26D2A_reconstruct_GSE252321_celltypes	UTI_HostOmics_U26D2A_cluster_top_markers.tsv		False
project://10_scripts/phaseU26D2A_reconstruct_GSE252321_celltypes.py	phaseU26D2A_reconstruct_GSE252321_celltypes	UTI_HostOmics_U26D2A_common_gene_audit.tsv		False
project://10_scripts/phaseU26D2A_reconstruct_GSE252321_celltypes.py	phaseU26D2A_reconstruct_GSE252321_celltypes	UTI_HostOmics_U26D2A_highly_variable_genes.tsv		False
project://10_scripts/phaseU26D2A_reconstruct_GSE252321_celltypes.py	phaseU26D2A_reconstruct_GSE252321_celltypes	UTI_HostOmics_U26D2A_marker_panel_coverage.tsv		False
project://10_scripts/phaseU26D2A_reconstruct_GSE252321_celltypes.py	phaseU26D2A_reconstruct_GSE252321_celltypes	UTI_HostOmics_U26D2A_phase_decision.tsv		False
project://10_scripts/phaseU26D2A_reconstruct_GSE252321_celltypes.py	phaseU26D2A_reconstruct_GSE252321_celltypes	UTI_HostOmics_U26D2A_sample_celltype_composition.tsv		False
project://10_scripts/phaseU26D2A_reconstruct_GSE252321_celltypes.py	phaseU26D2A_reconstruct_GSE252321_celltypes	UTI_HostOmics_U26D2A_sample_cluster_composition.tsv		False
project://10_scripts/phaseU26D2A_reconstruct_GSE252321_celltypes.py	phaseU26D2A_reconstruct_GSE252321_celltypes	UTI_HostOmics_U26D2A_targeted_population_summary.tsv		False
project://10_scripts/run_phaseU26D2A_reconstruct_GSE252321_celltypes.sh	phaseU26D2A_reconstruct_GSE252321_celltypes	Decision: $PROJECT_ROOT/06_tables/$TAG/UTI_HostOmics_U26D2A_phase_decision.tsv		False
project://10_scripts/phaseU26D2B_score_GSE252321_refined_celltype_pseudobulk.py	phaseU26D2B_score_GSE252321_refined_celltype_pseudobulk	*.csv		False
project://10_scripts/phaseU26D2B_score_GSE252321_refined_celltype_pseudobulk.py	phaseU26D2B_score_GSE252321_refined_celltype_pseudobulk	*.csv.gz		False
project://10_scripts/phaseU26D2B_score_GSE252321_refined_celltype_pseudobulk.py	phaseU26D2B_score_GSE252321_refined_celltype_pseudobulk	*.tsv		False
project://10_scripts/phaseU26D2B_score_GSE252321_refined_celltype_pseudobulk.py	phaseU26D2B_score_GSE252321_refined_celltype_pseudobulk	*.tsv.gz		False
project://10_scripts/phaseU26D2B_score_GSE252321_refined_celltype_pseudobulk.py	phaseU26D2B_score_GSE252321_refined_celltype_pseudobulk	UTI_HostOmics_U26C1_refined_core_and_secondary_modules.tsv		False
project://10_scripts/phaseU26D2B_score_GSE252321_refined_celltype_pseudobulk.py	phaseU26D2B_score_GSE252321_refined_celltype_pseudobulk	UTI_HostOmics_U26D1A_sparse_matrix_manifest.tsv		False
project://10_scripts/phaseU26D2B_score_GSE252321_refined_celltype_pseudobulk.py	phaseU26D2B_score_GSE252321_refined_celltype_pseudobulk	UTI_HostOmics_U26D2A1_fixed_targeted_population_summary.tsv		False
project://10_scripts/phaseU26D2B_score_GSE252321_refined_celltype_pseudobulk.py	phaseU26D2B_score_GSE252321_refined_celltype_pseudobulk	UTI_HostOmics_U26D2A1_refined_all_QC_cell_annotations.tsv.gz		False
project://10_scripts/phaseU26D2B_score_GSE252321_refined_celltype_pseudobulk.py	phaseU26D2B_score_GSE252321_refined_celltype_pseudobulk	UTI_HostOmics_U26D2A1_refined_sample_celltype_composition.tsv		False
project://10_scripts/phaseU26D2B_score_GSE252321_refined_celltype_pseudobulk.py	phaseU26D2B_score_GSE252321_refined_celltype_pseudobulk	UTI_HostOmics_U26D2B_broad_celltype_module_results.tsv		False
project://10_scripts/phaseU26D2B_score_GSE252321_refined_celltype_pseudobulk.py	phaseU26D2B_score_GSE252321_refined_celltype_pseudobulk	UTI_HostOmics_U26D2B_broad_cellular_localization.tsv		False
project://10_scripts/phaseU26D2B_score_GSE252321_refined_celltype_pseudobulk.py	phaseU26D2B_score_GSE252321_refined_celltype_pseudobulk	UTI_HostOmics_U26D2B_canonical_module_dictionary.tsv		False
project://10_scripts/phaseU26D2B_score_GSE252321_refined_celltype_pseudobulk.py	phaseU26D2B_score_GSE252321_refined_celltype_pseudobulk	UTI_HostOmics_U26D2B_celltype_composition_effects.tsv		False
project://10_scripts/phaseU26D2B_score_GSE252321_refined_celltype_pseudobulk.py	phaseU26D2B_score_GSE252321_refined_celltype_pseudobulk	UTI_HostOmics_U26D2B_common_gene_universe.tsv.gz		False
project://10_scripts/phaseU26D2B_score_GSE252321_refined_celltype_pseudobulk.py	phaseU26D2B_score_GSE252321_refined_celltype_pseudobulk	UTI_HostOmics_U26D2B_core_module_cellular_localization.tsv		False
project://10_scripts/phaseU26D2B_score_GSE252321_refined_celltype_pseudobulk.py	phaseU26D2B_score_GSE252321_refined_celltype_pseudobulk	UTI_HostOmics_U26D2B_focus_modules_broad_celltypes.png		False
project://10_scripts/phaseU26D2B_score_GSE252321_refined_celltype_pseudobulk.py	phaseU26D2B_score_GSE252321_refined_celltype_pseudobulk	UTI_HostOmics_U26D2B_focus_modules_refined_subtypes.png		False
project://10_scripts/phaseU26D2B_score_GSE252321_refined_celltype_pseudobulk.py	phaseU26D2B_score_GSE252321_refined_celltype_pseudobulk	UTI_HostOmics_U26D2B_module_coverage.tsv		False
project://10_scripts/phaseU26D2B_score_GSE252321_refined_celltype_pseudobulk.py	phaseU26D2B_score_GSE252321_refined_celltype_pseudobulk	UTI_HostOmics_U26D2B_module_dictionary_audit.tsv		False
project://10_scripts/phaseU26D2B_score_GSE252321_refined_celltype_pseudobulk.py	phaseU26D2B_score_GSE252321_refined_celltype_pseudobulk	UTI_HostOmics_U26D2B_phase_decision.tsv		False
project://10_scripts/phaseU26D2B_score_GSE252321_refined_celltype_pseudobulk.py	phaseU26D2B_score_GSE252321_refined_celltype_pseudobulk	UTI_HostOmics_U26D2B_pseudobulk_manifest.tsv		False
project://10_scripts/phaseU26D2B_score_GSE252321_refined_celltype_pseudobulk.py	phaseU26D2B_score_GSE252321_refined_celltype_pseudobulk	UTI_HostOmics_U26D2B_refined_subtype_module_results.tsv		False
project://10_scripts/phaseU26D2B_score_GSE252321_refined_celltype_pseudobulk.py	phaseU26D2B_score_GSE252321_refined_celltype_pseudobulk	UTI_HostOmics_U26D2B_subtype_cellular_localization.tsv		False
project://10_scripts/phaseU26D2B_score_GSE252321_refined_celltype_pseudobulk.py	phaseU26D2B_score_GSE252321_refined_celltype_pseudobulk	UTI_HostOmics_U26D2B_targeted_state_effects.tsv		False
project://10_scripts/phaseU26D2B_score_GSE252321_refined_celltype_pseudobulk.py	phaseU26D2B_score_GSE252321_refined_celltype_pseudobulk	UTI_HostOmics_U26D2B_{figure_family}_broad_celltypes.png		False
project://10_scripts/run_phaseU26D2B_score_GSE252321_refined_celltype_pseudobulk.sh	phaseU26D2B_score_GSE252321_refined_celltype_pseudobulk	Decision: $PROJECT_ROOT/06_tables/$TAG/UTI_HostOmics_U26D2B_phase_decision.tsv		False
project://10_scripts/phaseU26D2B_score_GSE252321_refined_celltype_pseudobulk_v1_1.py	phaseU26D2B_score_GSE252321_refined_celltype_pseudobulk_v1_1	*.csv		False
project://10_scripts/phaseU26D2B_score_GSE252321_refined_celltype_pseudobulk_v1_1.py	phaseU26D2B_score_GSE252321_refined_celltype_pseudobulk_v1_1	*.csv.gz		False
project://10_scripts/phaseU26D2B_score_GSE252321_refined_celltype_pseudobulk_v1_1.py	phaseU26D2B_score_GSE252321_refined_celltype_pseudobulk_v1_1	*.tsv		False
project://10_scripts/phaseU26D2B_score_GSE252321_refined_celltype_pseudobulk_v1_1.py	phaseU26D2B_score_GSE252321_refined_celltype_pseudobulk_v1_1	*.tsv.gz		False
project://10_scripts/phaseU26D2B_score_GSE252321_refined_celltype_pseudobulk_v1_1.py	phaseU26D2B_score_GSE252321_refined_celltype_pseudobulk_v1_1	UTI_HostOmics_U26C1_refined_core_and_secondary_modules.tsv		False
project://10_scripts/phaseU26D2B_score_GSE252321_refined_celltype_pseudobulk_v1_1.py	phaseU26D2B_score_GSE252321_refined_celltype_pseudobulk_v1_1	UTI_HostOmics_U26D1A_sparse_matrix_manifest.tsv		False
project://10_scripts/phaseU26D2B_score_GSE252321_refined_celltype_pseudobulk_v1_1.py	phaseU26D2B_score_GSE252321_refined_celltype_pseudobulk_v1_1	UTI_HostOmics_U26D2A1_fixed_targeted_population_summary.tsv		False
project://10_scripts/phaseU26D2B_score_GSE252321_refined_celltype_pseudobulk_v1_1.py	phaseU26D2B_score_GSE252321_refined_celltype_pseudobulk_v1_1	UTI_HostOmics_U26D2A1_refined_all_QC_cell_annotations.tsv.gz		False
project://10_scripts/phaseU26D2B_score_GSE252321_refined_celltype_pseudobulk_v1_1.py	phaseU26D2B_score_GSE252321_refined_celltype_pseudobulk_v1_1	UTI_HostOmics_U26D2A1_refined_sample_celltype_composition.tsv		False
project://10_scripts/phaseU26D2B_score_GSE252321_refined_celltype_pseudobulk_v1_1.py	phaseU26D2B_score_GSE252321_refined_celltype_pseudobulk_v1_1	UTI_HostOmics_U26D2B_broad_celltype_module_results.tsv		False
project://10_scripts/phaseU26D2B_score_GSE252321_refined_celltype_pseudobulk_v1_1.py	phaseU26D2B_score_GSE252321_refined_celltype_pseudobulk_v1_1	UTI_HostOmics_U26D2B_broad_cellular_localization.tsv		False
project://10_scripts/phaseU26D2B_score_GSE252321_refined_celltype_pseudobulk_v1_1.py	phaseU26D2B_score_GSE252321_refined_celltype_pseudobulk_v1_1	UTI_HostOmics_U26D2B_canonical_module_dictionary.tsv		False
project://10_scripts/phaseU26D2B_score_GSE252321_refined_celltype_pseudobulk_v1_1.py	phaseU26D2B_score_GSE252321_refined_celltype_pseudobulk_v1_1	UTI_HostOmics_U26D2B_celltype_composition_effects.tsv		False
project://10_scripts/phaseU26D2B_score_GSE252321_refined_celltype_pseudobulk_v1_1.py	phaseU26D2B_score_GSE252321_refined_celltype_pseudobulk_v1_1	UTI_HostOmics_U26D2B_common_gene_universe.tsv.gz		False
project://10_scripts/phaseU26D2B_score_GSE252321_refined_celltype_pseudobulk_v1_1.py	phaseU26D2B_score_GSE252321_refined_celltype_pseudobulk_v1_1	UTI_HostOmics_U26D2B_core_module_cellular_localization.tsv		False
project://10_scripts/phaseU26D2B_score_GSE252321_refined_celltype_pseudobulk_v1_1.py	phaseU26D2B_score_GSE252321_refined_celltype_pseudobulk_v1_1	UTI_HostOmics_U26D2B_focus_modules_broad_celltypes.png		False
project://10_scripts/phaseU26D2B_score_GSE252321_refined_celltype_pseudobulk_v1_1.py	phaseU26D2B_score_GSE252321_refined_celltype_pseudobulk_v1_1	UTI_HostOmics_U26D2B_focus_modules_refined_subtypes.png		False
project://10_scripts/phaseU26D2B_score_GSE252321_refined_celltype_pseudobulk_v1_1.py	phaseU26D2B_score_GSE252321_refined_celltype_pseudobulk_v1_1	UTI_HostOmics_U26D2B_module_coverage.tsv		False
project://10_scripts/phaseU26D2B_score_GSE252321_refined_celltype_pseudobulk_v1_1.py	phaseU26D2B_score_GSE252321_refined_celltype_pseudobulk_v1_1	UTI_HostOmics_U26D2B_module_dictionary_audit.tsv		False
project://10_scripts/phaseU26D2B_score_GSE252321_refined_celltype_pseudobulk_v1_1.py	phaseU26D2B_score_GSE252321_refined_celltype_pseudobulk_v1_1	UTI_HostOmics_U26D2B_phase_decision.tsv		False
project://10_scripts/phaseU26D2B_score_GSE252321_refined_celltype_pseudobulk_v1_1.py	phaseU26D2B_score_GSE252321_refined_celltype_pseudobulk_v1_1	UTI_HostOmics_U26D2B_pseudobulk_manifest.tsv		False
project://10_scripts/phaseU26D2B_score_GSE252321_refined_celltype_pseudobulk_v1_1.py	phaseU26D2B_score_GSE252321_refined_celltype_pseudobulk_v1_1	UTI_HostOmics_U26D2B_refined_subtype_module_results.tsv		False
project://10_scripts/phaseU26D2B_score_GSE252321_refined_celltype_pseudobulk_v1_1.py	phaseU26D2B_score_GSE252321_refined_celltype_pseudobulk_v1_1	UTI_HostOmics_U26D2B_subtype_cellular_localization.tsv		False
project://10_scripts/phaseU26D2B_score_GSE252321_refined_celltype_pseudobulk_v1_1.py	phaseU26D2B_score_GSE252321_refined_celltype_pseudobulk_v1_1	UTI_HostOmics_U26D2B_targeted_state_effects.tsv		False
project://10_scripts/phaseU26D2B_score_GSE252321_refined_celltype_pseudobulk_v1_1.py	phaseU26D2B_score_GSE252321_refined_celltype_pseudobulk_v1_1	UTI_HostOmics_U26D2B_{figure_family}_broad_celltypes.png		False
project://10_scripts/phaseU26D2C_synthesize_cellular_localization.py	phaseU26D2C_synthesize_cellular_localization	UTI_HostOmics_U26C1_refined_core_and_secondary_modules.tsv		False
project://10_scripts/phaseU26D2C_synthesize_cellular_localization.py	phaseU26D2C_synthesize_cellular_localization	UTI_HostOmics_U26D2B_broad_celltype_module_results.tsv		False
project://10_scripts/phaseU26D2C_synthesize_cellular_localization.py	phaseU26D2C_synthesize_cellular_localization	UTI_HostOmics_U26D2B_celltype_composition_effects.tsv		False
project://10_scripts/phaseU26D2C_synthesize_cellular_localization.py	phaseU26D2C_synthesize_cellular_localization	UTI_HostOmics_U26D2B_phase_decision.tsv		False
project://10_scripts/phaseU26D2C_synthesize_cellular_localization.py	phaseU26D2C_synthesize_cellular_localization	UTI_HostOmics_U26D2B_refined_subtype_module_results.tsv		False
project://10_scripts/phaseU26D2C_synthesize_cellular_localization.py	phaseU26D2C_synthesize_cellular_localization	UTI_HostOmics_U26D2B_targeted_state_effects.tsv		False
project://10_scripts/phaseU26D2C_synthesize_cellular_localization.py	phaseU26D2C_synthesize_cellular_localization	UTI_HostOmics_U26D2C_Figures_7_to_11_cellular_panel_plan.tsv		False
project://10_scripts/phaseU26D2C_synthesize_cellular_localization.py	phaseU26D2C_synthesize_cellular_localization	UTI_HostOmics_U26D2C_broad_effect_reliability.tsv		False
project://10_scripts/phaseU26D2C_synthesize_cellular_localization.py	phaseU26D2C_synthesize_cellular_localization	UTI_HostOmics_U26D2C_claim_boundary_matrix.tsv		False
project://10_scripts/phaseU26D2C_synthesize_cellular_localization.py	phaseU26D2C_synthesize_cellular_localization	UTI_HostOmics_U26D2C_core_composite_cellular_support.png		False
project://10_scripts/phaseU26D2C_synthesize_cellular_localization.py	phaseU26D2C_synthesize_cellular_localization	UTI_HostOmics_U26D2C_core_module_cellular_attribution.tsv		False
project://10_scripts/phaseU26D2C_synthesize_cellular_localization.py	phaseU26D2C_synthesize_cellular_localization	UTI_HostOmics_U26D2C_module_cellular_synthesis.tsv		False
project://10_scripts/phaseU26D2C_synthesize_cellular_localization.py	phaseU26D2C_synthesize_cellular_localization	UTI_HostOmics_U26D2C_phase_decision.tsv		False
project://10_scripts/phaseU26D2C_synthesize_cellular_localization.py	phaseU26D2C_synthesize_cellular_localization	UTI_HostOmics_U26D2C_subtype_effect_reliability.tsv		False
project://10_scripts/phaseU26D2C_synthesize_cellular_localization.py	phaseU26D2C_synthesize_cellular_localization	UTI_HostOmics_U26D2C_variance_sensitive_effects.tsv		False
project://10_scripts/run_phaseU26D2C_synthesize_cellular_localization.sh	phaseU26D2C_synthesize_cellular_localization	Decision: $PROJECT_ROOT/06_tables/$TAG/UTI_HostOmics_U26D2C_phase_decision.tsv		False
project://10_scripts/phaseU27A1_audit_figures_7_to_11.py	phaseU27A1_audit_figures_7_to_11	*{figure}.png		False
project://10_scripts/phaseU27A1_audit_figures_7_to_11.py	phaseU27A1_audit_figures_7_to_11	UTI_HostOmics_U27A1_figure_visual_audit.tsv		False
project://10_scripts/phaseU27A1_audit_figures_7_to_11.py	phaseU27A1_audit_figures_7_to_11	UTI_HostOmics_U27A1_one_column_contact_sheet.png		False
project://10_scripts/phaseU27A1_audit_figures_7_to_11.py	phaseU27A1_audit_figures_7_to_11	UTI_HostOmics_U27A1_original_figures_contact_sheet.png		False
project://10_scripts/phaseU27A1_audit_figures_7_to_11.py	phaseU27A1_audit_figures_7_to_11	UTI_HostOmics_U27A1_phase_decision.tsv		False
project://10_scripts/phaseU27A1_audit_figures_7_to_11.py	phaseU27A1_audit_figures_7_to_11	UTI_HostOmics_U27A1_two_column_contact_sheet.png		False
project://10_scripts/phaseU27A1_audit_figures_7_to_11.py	phaseU27A1_audit_figures_7_to_11	UTI_HostOmics_U27A1_{figure}_one_column_preview.png		False
project://10_scripts/phaseU27A1_audit_figures_7_to_11.py	phaseU27A1_audit_figures_7_to_11	UTI_HostOmics_U27A1_{figure}_two_column_preview.png		False
project://10_scripts/run_phaseU27A1_audit_figures_7_to_11.sh	phaseU27A1_audit_figures_7_to_11	Decision: $PROJECT_ROOT/06_tables/$TAG/UTI_HostOmics_U27A1_phase_decision.tsv		False
project://10_scripts/phaseU27A2_rebuild_figures_7_to_11_journal_width.py	phaseU27A2_rebuild_figures_7_to_11_journal_width	UTI_HostOmics_U26B2B1_GSE280297_preterm_term_collapsed.tsv		False
project://10_scripts/phaseU27A2_rebuild_figures_7_to_11_journal_width.py	phaseU27A2_rebuild_figures_7_to_11_journal_width	UTI_HostOmics_U26B2B1_primary_independent_dataset_effects.tsv		False
project://10_scripts/phaseU27A2_rebuild_figures_7_to_11_journal_width.py	phaseU27A2_rebuild_figures_7_to_11_journal_width	UTI_HostOmics_U26D2B_celltype_composition_effects.tsv		False
project://10_scripts/phaseU27A2_rebuild_figures_7_to_11_journal_width.py	phaseU27A2_rebuild_figures_7_to_11_journal_width	UTI_HostOmics_U26D2B_targeted_state_effects.tsv		False
project://10_scripts/phaseU27A2_rebuild_figures_7_to_11_journal_width.py	phaseU27A2_rebuild_figures_7_to_11_journal_width	UTI_HostOmics_U26D2C_broad_effect_reliability.tsv		False
project://10_scripts/phaseU27A2_rebuild_figures_7_to_11_journal_width.py	phaseU27A2_rebuild_figures_7_to_11_journal_width	UTI_HostOmics_U26D2C_module_cellular_synthesis.tsv		False
project://10_scripts/phaseU27A2_rebuild_figures_7_to_11_journal_width.py	phaseU27A2_rebuild_figures_7_to_11_journal_width	UTI_HostOmics_U26D2C_phase_decision.tsv		False
project://10_scripts/phaseU27A2_rebuild_figures_7_to_11_journal_width.py	phaseU27A2_rebuild_figures_7_to_11_journal_width	UTI_HostOmics_U27A2_figure_module_summary.tsv		False
project://10_scripts/phaseU27A2_rebuild_figures_7_to_11_journal_width.py	phaseU27A2_rebuild_figures_7_to_11_journal_width	UTI_HostOmics_U27A2_figure_output_manifest.tsv		False
project://10_scripts/phaseU27A2_rebuild_figures_7_to_11_journal_width.py	phaseU27A2_rebuild_figures_7_to_11_journal_width	UTI_HostOmics_U27A2_panel_source_manifest.tsv		False
project://10_scripts/phaseU27A2_rebuild_figures_7_to_11_journal_width.py	phaseU27A2_rebuild_figures_7_to_11_journal_width	UTI_HostOmics_U27A2_phase_decision.tsv		False
project://10_scripts/run_phaseU27A2_rebuild_figures_7_to_11_journal_width.sh	phaseU27A2_rebuild_figures_7_to_11_journal_width	Decision: $PROJECT_ROOT/06_tables/$TAG/UTI_HostOmics_U27A2_phase_decision.tsv		False
project://10_scripts/phaseU27A31_repair_visual_diversity_layout_collisions.py	phaseU27A31_repair_visual_diversity_layout_collisions	UTI_HostOmics_U26B2B1_GSE280297_preterm_term_collapsed.tsv		False
project://10_scripts/phaseU27A31_repair_visual_diversity_layout_collisions.py	phaseU27A31_repair_visual_diversity_layout_collisions	UTI_HostOmics_U26B2B1_primary_independent_dataset_effects.tsv		False
project://10_scripts/phaseU27A31_repair_visual_diversity_layout_collisions.py	phaseU27A31_repair_visual_diversity_layout_collisions	UTI_HostOmics_U26D2B_celltype_composition_effects.tsv		False
project://10_scripts/phaseU27A31_repair_visual_diversity_layout_collisions.py	phaseU27A31_repair_visual_diversity_layout_collisions	UTI_HostOmics_U26D2B_targeted_state_effects.tsv		False
project://10_scripts/phaseU27A31_repair_visual_diversity_layout_collisions.py	phaseU27A31_repair_visual_diversity_layout_collisions	UTI_HostOmics_U26D2C_broad_effect_reliability.tsv		False
project://10_scripts/phaseU27A31_repair_visual_diversity_layout_collisions.py	phaseU27A31_repair_visual_diversity_layout_collisions	UTI_HostOmics_U26D2C_module_cellular_synthesis.tsv		False
project://10_scripts/phaseU27A31_repair_visual_diversity_layout_collisions.py	phaseU27A31_repair_visual_diversity_layout_collisions	UTI_HostOmics_U26D2C_phase_decision.tsv		False
project://10_scripts/phaseU27A31_repair_visual_diversity_layout_collisions.py	phaseU27A31_repair_visual_diversity_layout_collisions	UTI_HostOmics_U27A31_figure_output_manifest.tsv		False
project://10_scripts/phaseU27A31_repair_visual_diversity_layout_collisions.py	phaseU27A31_repair_visual_diversity_layout_collisions	UTI_HostOmics_U27A31_phase_decision.tsv		False
project://10_scripts/phaseU27A31_repair_visual_diversity_layout_collisions.py	phaseU27A31_repair_visual_diversity_layout_collisions	UTI_HostOmics_U27A31_visual_grammar_manifest.tsv		False
project://10_scripts/run_phaseU27A31_repair_visual_diversity_layout_collisions.sh	phaseU27A31_repair_visual_diversity_layout_collisions	Decision: $PROJECT_ROOT/06_tables/$TAG/UTI_HostOmics_U27A31_phase_decision.tsv		False
project://10_scripts/phaseU27A32_finalize_titles_spacing_and_legends.py	phaseU27A32_finalize_titles_spacing_and_legends	UTI_HostOmics_U26B2B1_GSE280297_preterm_term_collapsed.tsv		False
project://10_scripts/phaseU27A32_finalize_titles_spacing_and_legends.py	phaseU27A32_finalize_titles_spacing_and_legends	UTI_HostOmics_U26B2B1_primary_independent_dataset_effects.tsv		False
project://10_scripts/phaseU27A32_finalize_titles_spacing_and_legends.py	phaseU27A32_finalize_titles_spacing_and_legends	UTI_HostOmics_U26D2B_celltype_composition_effects.tsv		False
project://10_scripts/phaseU27A32_finalize_titles_spacing_and_legends.py	phaseU27A32_finalize_titles_spacing_and_legends	UTI_HostOmics_U26D2B_targeted_state_effects.tsv		False
project://10_scripts/phaseU27A32_finalize_titles_spacing_and_legends.py	phaseU27A32_finalize_titles_spacing_and_legends	UTI_HostOmics_U26D2C_broad_effect_reliability.tsv		False
project://10_scripts/phaseU27A32_finalize_titles_spacing_and_legends.py	phaseU27A32_finalize_titles_spacing_and_legends	UTI_HostOmics_U26D2C_module_cellular_synthesis.tsv		False
project://10_scripts/phaseU27A32_finalize_titles_spacing_and_legends.py	phaseU27A32_finalize_titles_spacing_and_legends	UTI_HostOmics_U26D2C_phase_decision.tsv		False
project://10_scripts/phaseU27A32_finalize_titles_spacing_and_legends.py	phaseU27A32_finalize_titles_spacing_and_legends	UTI_HostOmics_U27A32_figure_output_manifest.tsv		False
project://10_scripts/phaseU27A32_finalize_titles_spacing_and_legends.py	phaseU27A32_finalize_titles_spacing_and_legends	UTI_HostOmics_U27A32_phase_decision.tsv		False
project://10_scripts/phaseU27A32_finalize_titles_spacing_and_legends.py	phaseU27A32_finalize_titles_spacing_and_legends	UTI_HostOmics_U27A32_visual_grammar_manifest.tsv		False
project://10_scripts/run_phaseU27A32_finalize_titles_spacing_and_legends.sh	phaseU27A32_finalize_titles_spacing_and_legends	Decision: $PROJECT_ROOT/06_tables/$TAG/UTI_HostOmics_U27A32_phase_decision.tsv		False
project://10_scripts/phaseU27A3_redesign_figures_7_to_11_for_visual_diversity.py	phaseU27A3_redesign_figures_7_to_11_for_visual_diversity	UTI_HostOmics_U26B2B1_GSE280297_preterm_term_collapsed.tsv		False
project://10_scripts/phaseU27A3_redesign_figures_7_to_11_for_visual_diversity.py	phaseU27A3_redesign_figures_7_to_11_for_visual_diversity	UTI_HostOmics_U26B2B1_primary_independent_dataset_effects.tsv		False
project://10_scripts/phaseU27A3_redesign_figures_7_to_11_for_visual_diversity.py	phaseU27A3_redesign_figures_7_to_11_for_visual_diversity	UTI_HostOmics_U26D2B_celltype_composition_effects.tsv		False
project://10_scripts/phaseU27A3_redesign_figures_7_to_11_for_visual_diversity.py	phaseU27A3_redesign_figures_7_to_11_for_visual_diversity	UTI_HostOmics_U26D2B_targeted_state_effects.tsv		False
project://10_scripts/phaseU27A3_redesign_figures_7_to_11_for_visual_diversity.py	phaseU27A3_redesign_figures_7_to_11_for_visual_diversity	UTI_HostOmics_U26D2C_broad_effect_reliability.tsv		False
project://10_scripts/phaseU27A3_redesign_figures_7_to_11_for_visual_diversity.py	phaseU27A3_redesign_figures_7_to_11_for_visual_diversity	UTI_HostOmics_U26D2C_module_cellular_synthesis.tsv		False
project://10_scripts/phaseU27A3_redesign_figures_7_to_11_for_visual_diversity.py	phaseU27A3_redesign_figures_7_to_11_for_visual_diversity	UTI_HostOmics_U26D2C_phase_decision.tsv		False
project://10_scripts/phaseU27A3_redesign_figures_7_to_11_for_visual_diversity.py	phaseU27A3_redesign_figures_7_to_11_for_visual_diversity	UTI_HostOmics_U27A3_figure_output_manifest.tsv		False
project://10_scripts/phaseU27A3_redesign_figures_7_to_11_for_visual_diversity.py	phaseU27A3_redesign_figures_7_to_11_for_visual_diversity	UTI_HostOmics_U27A3_phase_decision.tsv		False
project://10_scripts/phaseU27A3_redesign_figures_7_to_11_for_visual_diversity.py	phaseU27A3_redesign_figures_7_to_11_for_visual_diversity	UTI_HostOmics_U27A3_visual_grammar_manifest.tsv		False
project://10_scripts/run_phaseU27A3_redesign_figures_7_to_11_for_visual_diversity.sh	phaseU27A3_redesign_figures_7_to_11_for_visual_diversity	Decision: $PROJECT_ROOT/06_tables/$TAG/UTI_HostOmics_U27A3_phase_decision.tsv		False
project://10_scripts/phaseU27A4_final_visual_audit.py	phaseU27A4_final_visual_audit	UTI_HostOmics_U27A32_visual_grammar_manifest.tsv		False
project://10_scripts/phaseU27A4_final_visual_audit.py	phaseU27A4_final_visual_audit	UTI_HostOmics_U27A4_full_figure_contact_sheet.png		False
project://10_scripts/phaseU27A4_final_visual_audit.py	phaseU27A4_final_visual_audit	UTI_HostOmics_U27A4_normalized_output_manifest.tsv		False
project://10_scripts/phaseU27A4_final_visual_audit.py	phaseU27A4_final_visual_audit	UTI_HostOmics_U27A4_one_column_contact_sheet.png		False
project://10_scripts/phaseU27A4_final_visual_audit.py	phaseU27A4_final_visual_audit	UTI_HostOmics_U27A4_panel_collision_contact_sheet.png		False
project://10_scripts/phaseU27A4_final_visual_audit.py	phaseU27A4_final_visual_audit	UTI_HostOmics_U27A4_phase_decision.tsv		False
project://10_scripts/phaseU27A4_final_visual_audit.py	phaseU27A4_final_visual_audit	UTI_HostOmics_U27A4_two_column_contact_sheet.png		False
project://10_scripts/phaseU27A4_final_visual_audit.py	phaseU27A4_final_visual_audit	UTI_HostOmics_U27A4_visual_audit.tsv		False
project://10_scripts/phaseU27A4_final_visual_audit.py	phaseU27A4_final_visual_audit	UTI_HostOmics_U27A4_visual_grammar_manifest.tsv		False
project://10_scripts/phaseU27A4_final_visual_audit.py	phaseU27A4_final_visual_audit	UTI_HostOmics_U27A4_{figure}.pdf		False
project://10_scripts/phaseU27A4_final_visual_audit.py	phaseU27A4_final_visual_audit	UTI_HostOmics_U27A4_{figure}.png		False
project://10_scripts/phaseU27A4_final_visual_audit.py	phaseU27A4_final_visual_audit	UTI_HostOmics_U27A4_{figure}.svg		False
project://10_scripts/run_phaseU27A4_final_visual_audit.sh	phaseU27A4_final_visual_audit	Decision: $PROJECT_ROOT/06_tables/$TAG/UTI_HostOmics_U27A4_phase_decision.tsv		False
project://10_scripts/phaseU27A_build_figures_7_to_11.py	phaseU27A_build_figures_7_to_11	UTI_HostOmics_U26B2B1_GSE280297_preterm_term_collapsed.tsv		False
project://10_scripts/phaseU27A_build_figures_7_to_11.py	phaseU27A_build_figures_7_to_11	UTI_HostOmics_U26B2B1_primary_independent_dataset_effects.tsv		False
project://10_scripts/phaseU27A_build_figures_7_to_11.py	phaseU27A_build_figures_7_to_11	UTI_HostOmics_U26D2B_celltype_composition_effects.tsv		False
project://10_scripts/phaseU27A_build_figures_7_to_11.py	phaseU27A_build_figures_7_to_11	UTI_HostOmics_U26D2B_targeted_state_effects.tsv		False
project://10_scripts/phaseU27A_build_figures_7_to_11.py	phaseU27A_build_figures_7_to_11	UTI_HostOmics_U26D2C_broad_effect_reliability.tsv		False
project://10_scripts/phaseU27A_build_figures_7_to_11.py	phaseU27A_build_figures_7_to_11	UTI_HostOmics_U26D2C_module_cellular_synthesis.tsv		False
project://10_scripts/phaseU27A_build_figures_7_to_11.py	phaseU27A_build_figures_7_to_11	UTI_HostOmics_U26D2C_phase_decision.tsv		False
project://10_scripts/phaseU27A_build_figures_7_to_11.py	phaseU27A_build_figures_7_to_11	UTI_HostOmics_U27A_figure_module_summary.tsv		False
project://10_scripts/phaseU27A_build_figures_7_to_11.py	phaseU27A_build_figures_7_to_11	UTI_HostOmics_U27A_figure_output_manifest.tsv		False
project://10_scripts/phaseU27A_build_figures_7_to_11.py	phaseU27A_build_figures_7_to_11	UTI_HostOmics_U27A_panel_source_manifest.tsv		False
project://10_scripts/phaseU27A_build_figures_7_to_11.py	phaseU27A_build_figures_7_to_11	UTI_HostOmics_U27A_phase_decision.tsv		False
project://10_scripts/run_phaseU27A_build_figures_7_to_11.sh	phaseU27A_build_figures_7_to_11	Decision: $PROJECT_ROOT/06_tables/$TAG/UTI_HostOmics_U27A_phase_decision.tsv		False
project://10_scripts/phaseU27B11_resolve_legacy_source_confirmation.py	phaseU27B11_resolve_legacy_source_confirmation	UTI_HostOmics_U27B11_construction_mode_summary.tsv		False
project://10_scripts/phaseU27B11_resolve_legacy_source_confirmation.py	phaseU27B11_resolve_legacy_source_confirmation	UTI_HostOmics_U27B11_explicit_legacy_asset_dependencies.tsv		False
project://10_scripts/phaseU27B11_resolve_legacy_source_confirmation.py	phaseU27B11_resolve_legacy_source_confirmation	UTI_HostOmics_U27B11_legacy_working_figure_disposition.tsv		False
project://10_scripts/phaseU27B11_resolve_legacy_source_confirmation.py	phaseU27B11_resolve_legacy_source_confirmation	UTI_HostOmics_U27B11_phase_decision.tsv		False
project://10_scripts/phaseU27B11_resolve_legacy_source_confirmation.py	phaseU27B11_resolve_legacy_source_confirmation	UTI_HostOmics_U27B1_canonical_working_figure_assets.tsv		False
project://10_scripts/phaseU27B11_resolve_legacy_source_confirmation.py	phaseU27B11_resolve_legacy_source_confirmation	UTI_HostOmics_U27B1_final_main_panel_mapping.tsv		False
project://10_scripts/phaseU27B11_resolve_legacy_source_confirmation.py	phaseU27B11_resolve_legacy_source_confirmation	UTI_HostOmics_U27B1_source_availability.tsv		False
project://10_scripts/phaseU27B11_resolve_legacy_source_confirmation.py	phaseU27B11_resolve_legacy_source_confirmation	UTI_HostOmics_U27B1_working_to_final_figure_crosswalk.tsv		False
project://10_scripts/run_phaseU27B11_resolve_legacy_source_confirmation.sh	phaseU27B11_resolve_legacy_source_confirmation	Decision: $PROJECT_ROOT/06_tables/$TAG/UTI_HostOmics_U27B11_phase_decision.tsv		False
project://10_scripts/phaseU27B1_freeze_architecture_and_map_assets.py	phaseU27B1_freeze_architecture_and_map_assets	*.pdf		False
project://10_scripts/phaseU27B1_freeze_architecture_and_map_assets.py	phaseU27B1_freeze_architecture_and_map_assets	*.png		False
project://10_scripts/phaseU27B1_freeze_architecture_and_map_assets.py	phaseU27B1_freeze_architecture_and_map_assets	*.svg		False
project://10_scripts/phaseU27B1_freeze_architecture_and_map_assets.py	phaseU27B1_freeze_architecture_and_map_assets	UTI_HostOmics_U27B1_canonical_working_figure_assets.tsv		False
project://10_scripts/phaseU27B1_freeze_architecture_and_map_assets.py	phaseU27B1_freeze_architecture_and_map_assets	UTI_HostOmics_U27B1_current_figure_asset_inventory.tsv		False
project://10_scripts/phaseU27B1_freeze_architecture_and_map_assets.py	phaseU27B1_freeze_architecture_and_map_assets	UTI_HostOmics_U27B1_final_main_figure_plan.tsv		False
project://10_scripts/phaseU27B1_freeze_architecture_and_map_assets.py	phaseU27B1_freeze_architecture_and_map_assets	UTI_HostOmics_U27B1_final_main_panel_mapping.tsv		False
project://10_scripts/phaseU27B1_freeze_architecture_and_map_assets.py	phaseU27B1_freeze_architecture_and_map_assets	UTI_HostOmics_U27B1_main_table_plan.tsv		False
project://10_scripts/phaseU27B1_freeze_architecture_and_map_assets.py	phaseU27B1_freeze_architecture_and_map_assets	UTI_HostOmics_U27B1_phase_decision.tsv		False
project://10_scripts/phaseU27B1_freeze_architecture_and_map_assets.py	phaseU27B1_freeze_architecture_and_map_assets	UTI_HostOmics_U27B1_source_availability.tsv		False
project://10_scripts/phaseU27B1_freeze_architecture_and_map_assets.py	phaseU27B1_freeze_architecture_and_map_assets	UTI_HostOmics_U27B1_supplementary_figure_plan.tsv		False
project://10_scripts/phaseU27B1_freeze_architecture_and_map_assets.py	phaseU27B1_freeze_architecture_and_map_assets	UTI_HostOmics_U27B1_supplementary_panel_mapping.tsv		False
project://10_scripts/phaseU27B1_freeze_architecture_and_map_assets.py	phaseU27B1_freeze_architecture_and_map_assets	UTI_HostOmics_U27B1_supplementary_table_plan.tsv		False
project://10_scripts/phaseU27B1_freeze_architecture_and_map_assets.py	phaseU27B1_freeze_architecture_and_map_assets	UTI_HostOmics_U27B1_working_to_final_figure_crosswalk.tsv		False
project://10_scripts/run_phaseU27B1_freeze_architecture_and_map_assets.sh	phaseU27B1_freeze_architecture_and_map_assets	Decision: $PROJECT_ROOT/06_tables/$TAG/UTI_HostOmics_U27B1_phase_decision.tsv		False
project://10_scripts/phaseU27B2A_resolve_panel_sources_and_schemas.py	phaseU27B2A_resolve_panel_sources_and_schemas	UTI_HostOmics_U27B11_phase_decision.tsv		False
project://10_scripts/phaseU27B2A_resolve_panel_sources_and_schemas.py	phaseU27B2A_resolve_panel_sources_and_schemas	UTI_HostOmics_U27B1_final_main_panel_mapping.tsv		False
project://10_scripts/phaseU27B2A_resolve_panel_sources_and_schemas.py	phaseU27B2A_resolve_panel_sources_and_schemas	UTI_HostOmics_U27B2A_ambiguous_candidate_panels.tsv		False
project://10_scripts/phaseU27B2A_resolve_panel_sources_and_schemas.py	phaseU27B2A_resolve_panel_sources_and_schemas	UTI_HostOmics_U27B2A_panel_source_resolution.tsv		False
project://10_scripts/phaseU27B2A_resolve_panel_sources_and_schemas.py	phaseU27B2A_resolve_panel_sources_and_schemas	UTI_HostOmics_U27B2A_phase_decision.tsv		False
project://10_scripts/phaseU27B2A_resolve_panel_sources_and_schemas.py	phaseU27B2A_resolve_panel_sources_and_schemas	UTI_HostOmics_U27B2A_ranked_panel_source_candidates.tsv		False
project://10_scripts/phaseU27B2A_resolve_panel_sources_and_schemas.py	phaseU27B2A_resolve_panel_sources_and_schemas	UTI_HostOmics_U27B2A_resolution_summary.tsv		False
project://10_scripts/phaseU27B2A_resolve_panel_sources_and_schemas.py	phaseU27B2A_resolve_panel_sources_and_schemas	UTI_HostOmics_U27B2A_script_inventory.tsv		False
project://10_scripts/phaseU27B2A_resolve_panel_sources_and_schemas.py	phaseU27B2A_resolve_panel_sources_and_schemas	UTI_HostOmics_U27B2A_script_source_references.tsv		False
project://10_scripts/phaseU27B2A_resolve_panel_sources_and_schemas.py	phaseU27B2A_resolve_panel_sources_and_schemas	UTI_HostOmics_U27B2A_table_schema_inventory.tsv		False
project://10_scripts/phaseU27B2A_resolve_panel_sources_and_schemas.py	phaseU27B2A_resolve_panel_sources_and_schemas	UTI_HostOmics_U27B2A_unresolved_panels.tsv		False
project://10_scripts/run_phaseU27B2A_resolve_panel_sources_and_schemas.sh	phaseU27B2A_resolve_panel_sources_and_schemas	Decision: $PROJECT_ROOT/06_tables/$TAG/UTI_HostOmics_U27B2A_phase_decision.tsv		False
